GeneID,MESOR,Amplitude,Acrophase,Rsquared,Pvalue,Qvalue
Gene_001,8.589819410630561,3.2710362644509874,22.758155407966456,0.9826297778867941,1.1102230246251565e-16,4.1119371282413205e-16
Gene_002,7.137714664442636,2.3281942738096135,16.542695517757522,0.9757165112624331,1.1102230246251565e-16,4.1119371282413205e-16
Gene_003,6.835003529884957,4.170362963560648,1.8555309814667695,0.9888033274795809,1.1102230246251565e-16,4.1119371282413205e-16
Gene_004,5.356749760262846,4.3283393705517,5.41119763544998,0.9954684031609343,1.1102230246251565e-16,4.1119371282413205e-16
Gene_005,9.774780985720454,3.0868955885600267,23.171022147508797,0.9887420047155717,1.1102230246251565e-16,4.1119371282413205e-16
Gene_006,5.890656691854422,4.50681091249271,7.728151428558628,0.9932473841110847,1.1102230246251565e-16,4.1119371282413205e-16
Gene_007,5.883882113871309,4.010574630920855,1.9523922764668324,0.9898990366075658,1.1102230246251565e-16,4.1119371282413205e-16
Gene_008,8.572293818467276,3.4406145611694776,4.651540455876421,0.9907284299372728,1.1102230246251565e-16,4.1119371282413205e-16
Gene_009,9.324407891113697,4.450310025714795,19.607079156260834,0.9946856311048786,1.1102230246251565e-16,4.1119371282413205e-16
Gene_012,6.97436206705366,3.608825383525536,22.554768834183598,0.9947861788660245,1.1102230246251565e-16,4.1119371282413205e-16
Gene_014,8.498532815937143,2.2218331779485707,1.9745640266048003,0.9816267875792772,1.1102230246251565e-16,4.1119371282413205e-16
Gene_013,5.574660170012361,4.223846681630357,18.189926270244897,0.9899117402982204,1.1102230246251565e-16,4.1119371282413205e-16
Gene_016,5.752683957066286,4.486904067055009,23.64495652077651,0.9923718253385627,1.1102230246251565e-16,4.1119371282413205e-16
Gene_019,8.008616334258154,3.041290625641628,11.678422671837867,0.9829250295171557,1.1102230246251565e-16,4.1119371282413205e-16
Gene_018,5.588071007581381,2.695663297842494,1.725958499117304,0.9869885428760289,1.1102230246251565e-16,4.1119371282413205e-16
Gene_017,9.381607310402796,3.6813051718991368,13.450230339854762,0.9863456698325344,1.1102230246251565e-16,4.1119371282413205e-16
Gene_057,8.836269517857458,3.605473372982963,23.937938295754762,0.9820529480437268,1.1102230246251565e-16,4.1119371282413205e-16
Gene_058,9.14971486317818,4.35322267765179,6.4687897155630525,0.9919610510718925,1.1102230246251565e-16,4.1119371282413205e-16
Gene_059,5.85227014899899,3.753383881386561,14.048396405533476,0.9883012230560593,1.1102230246251565e-16,4.1119371282413205e-16
Gene_020,8.661745123086023,3.583098456415497,14.103779094464478,0.9911039014608607,1.1102230246251565e-16,4.1119371282413205e-16
Gene_053,7.3396253078252665,3.1666044076588293,9.489804062559518,0.987292841519775,1.1102230246251565e-16,4.1119371282413205e-16
Gene_054,8.981990765083411,2.890767571337075,8.521403523537844,0.9840222288595534,1.1102230246251565e-16,4.1119371282413205e-16
Gene_055,6.84553154561422,4.701879841267603,5.4884681796627,0.9955779639984892,1.1102230246251565e-16,4.1119371282413205e-16
Gene_056,6.161320845833632,4.13386566976641,19.74956340137097,0.9904509484577902,1.1102230246251565e-16,4.1119371282413205e-16
Gene_061,8.101360522618263,3.334908376029426,23.373238210565123,0.983326156355601,1.1102230246251565e-16,4.1119371282413205e-16
Gene_062,8.969493715425985,3.3203077126528573,1.2161572904481228,0.9814099398730376,1.1102230246251565e-16,4.1119371282413205e-16
Gene_063,9.613253510524029,4.30301860033582,9.456464910465407,0.9962713783198359,1.1102230246251565e-16,4.1119371282413205e-16
Gene_060,5.2770299790094715,3.9121178963013152,22.984240432639503,0.9909390803442971,1.1102230246251565e-16,4.1119371282413205e-16
Gene_064,7.202537067126849,2.5208074014399453,21.345760187926423,0.9761517401886121,1.1102230246251565e-16,4.1119371282413205e-16
Gene_068,8.055319729914189,3.1851281376974563,18.60067880145041,0.9846919209524603,1.1102230246251565e-16,4.1119371282413205e-16
Gene_066,9.605139829193657,3.9113094785854368,6.167402618993979,0.9914959351175779,1.1102230246251565e-16,4.1119371282413205e-16
Gene_065,7.311367443847407,2.4088788221831625,8.277078495446794,0.973006196506158,1.1102230246251565e-16,4.1119371282413205e-16
Gene_093,8.72752700751185,2.763820980133532,10.457404933265595,0.9817676963609111,1.1102230246251565e-16,4.1119371282413205e-16
Gene_082,5.116150772423734,5.034893068803768,20.32728767136687,0.9941128644979706,1.1102230246251565e-16,4.1119371282413205e-16
Gene_083,9.536644344668737,2.7862461075866003,8.304472812812405,0.981473125043427,1.1102230246251565e-16,4.1119371282413205e-16
Gene_069,7.341269751749525,5.089304287399852,7.999137360333978,0.9942850950085634,1.1102230246251565e-16,4.1119371282413205e-16
Gene_071,8.613112717146308,3.682863184460829,20.92245720833369,0.9822478325294902,1.1102230246251565e-16,4.1119371282413205e-16
Gene_070,8.534178162069914,3.359457605281688,21.804077811400216,0.9895198853311785,1.1102230246251565e-16,4.1119371282413205e-16
Gene_072,8.414284634721815,3.772671976165259,16.898812082153498,0.9910183449019788,1.1102230246251565e-16,4.1119371282413205e-16
Gene_073,5.047916156990932,3.1019522382852482,0.9247739133352698,0.9836916033669704,1.1102230246251565e-16,4.1119371282413205e-16
Gene_077,5.2188757811517705,4.443391269708683,16.981540281525053,0.992902492880643,1.1102230246251565e-16,4.1119371282413205e-16
Gene_074,5.740762448511079,3.0947153812977417,13.901218915375884,0.9774145726363335,1.1102230246251565e-16,4.1119371282413205e-16
Gene_075,8.038923450277288,3.418103612321089,20.486221783153447,0.9829788912695521,1.1102230246251565e-16,4.1119371282413205e-16
Gene_076,6.408034286793012,2.8736184169682844,19.397853216582835,0.9931298381233018,1.1102230246251565e-16,4.1119371282413205e-16
Gene_079,8.930630904982879,4.668171050258111,7.486575048006884,0.9929309310459357,1.1102230246251565e-16,4.1119371282413205e-16
Gene_078,8.549295426260425,4.079973407771429,5.750573809915525,0.9912907477329707,1.1102230246251565e-16,4.1119371282413205e-16
Gene_080,5.267084326267293,3.060796819674928,8.805968271993216,0.9855100210563675,1.1102230246251565e-16,4.1119371282413205e-16
Gene_081,6.281016406946314,2.5921585560255718,12.422253819559657,0.9730270948409239,1.1102230246251565e-16,4.1119371282413205e-16
Gene_095,5.237569123903134,2.4433131214868284,3.803096454623764,0.9728250271049264,1.1102230246251565e-16,4.1119371282413205e-16
Gene_090,9.10265089549184,3.9727787614532626,13.80979798619104,0.9899593298203156,1.1102230246251565e-16,4.1119371282413205e-16
Gene_091,7.149528437987516,2.665497342298103,6.452566522478736,0.9797039194097558,1.1102230246251565e-16,4.1119371282413205e-16
Gene_084,7.980033931368584,2.8159475770026177,10.453254027940432,0.9874473149590232,1.1102230246251565e-16,4.1119371282413205e-16
Gene_085,5.545319125495176,3.4092047566282395,15.929816977423647,0.9799552648849986,1.1102230246251565e-16,4.1119371282413205e-16
Gene_086,6.7467427619007845,4.236827445371204,6.774202440051544,0.9903711128131114,1.1102230246251565e-16,4.1119371282413205e-16
Gene_088,8.15870930008926,2.2619984097208565,6.342232949890472,0.9720926397127614,1.1102230246251565e-16,4.1119371282413205e-16
Gene_089,6.949534771524428,4.892521298137865,11.832582600826921,0.9953168249315956,1.1102230246251565e-16,4.1119371282413205e-16
Gene_096,9.222807308454401,4.534528794629241,16.36260921806244,0.9910548830147005,1.1102230246251565e-16,4.1119371282413205e-16
Gene_094,7.686175710398991,4.75459622884283,13.92253364468657,0.992389822756688,1.1102230246251565e-16,4.1119371282413205e-16
Gene_092,6.397608351589867,3.8425463580705745,7.457747689419291,0.9940946918256904,1.1102230246251565e-16,4.1119371282413205e-16
Gene_101,5.9719037594972795,3.039668513090757,6.476603261758797,0.9884333286508998,1.1102230246251565e-16,4.1119371282413205e-16
Gene_100,8.279780030778852,4.270340617512859,14.460597652541397,0.9932665405493,1.1102230246251565e-16,4.1119371282413205e-16
Gene_099,7.009287453033588,2.787747912663342,8.395600408500528,0.9866483211956784,1.1102230246251565e-16,4.1119371282413205e-16
Gene_098,5.056253468159028,4.136667130013175,6.002759007625764,0.9909083358644079,1.1102230246251565e-16,4.1119371282413205e-16
Gene_097,7.707803546702383,3.159226676554005,10.07493453223487,0.9837195536725011,1.1102230246251565e-16,4.1119371282413205e-16
Gene_149,5.866080854915985,2.5079927315151536,10.355184151617122,0.9688801320028632,1.1102230246251565e-16,4.1119371282413205e-16
Gene_146,7.66405436135844,3.6273126681721024,21.206170590448735,0.9871207157076125,1.1102230246251565e-16,4.1119371282413205e-16
Gene_147,9.006062387868846,4.609186774650141,8.690394226674192,0.9912661137824421,1.1102230246251565e-16,4.1119371282413205e-16
Gene_148,7.271092638231623,4.253000592386864,6.066242178138156,0.9927527200946262,1.1102230246251565e-16,4.1119371282413205e-16
Gene_150,8.310012123172967,3.9013036465931954,4.381482177798304,0.9826322365014504,1.1102230246251565e-16,4.1119371282413205e-16
Gene_102,6.774738277852667,2.182108916421499,23.862727277699445,0.9766792509733851,1.1102230246251565e-16,4.1119371282413205e-16
Gene_103,9.69142819580085,2.7063528522803812,14.13977576523031,0.9829052119174645,1.1102230246251565e-16,4.1119371282413205e-16
Gene_104,8.35700572027535,4.092085100096054,10.913571446938004,0.9910155157511517,1.1102230246251565e-16,4.1119371282413205e-16
Gene_105,5.8943661563682515,4.574522707947272,21.40150800034347,0.9966801674884977,1.1102230246251565e-16,4.1119371282413205e-16
Gene_106,5.275513755045929,3.0857694668301474,16.161958252474523,0.982450995440526,1.1102230246251565e-16,4.1119371282413205e-16
Gene_107,8.840575962809773,3.695251545091054,16.147624428107676,0.9811043396235074,1.1102230246251565e-16,4.1119371282413205e-16
Gene_108,8.245642592014958,3.6976590332789194,9.04735866135493,0.9945354941632604,1.1102230246251565e-16,4.1119371282413205e-16
Gene_110,7.527576988976653,4.671283440822781,12.343416629897854,0.9935602877393812,1.1102230246251565e-16,4.1119371282413205e-16
Gene_111,6.644440290943453,4.447829702939192,5.57928781831217,0.9944896160479766,1.1102230246251565e-16,4.1119371282413205e-16
Gene_112,7.358673233388083,3.6656714734082505,5.781594779714324,0.9869966425138428,1.1102230246251565e-16,4.1119371282413205e-16
Gene_113,7.803925876608488,2.6365343075679237,2.8250969814576874,0.9840171331939287,1.1102230246251565e-16,4.1119371282413205e-16
Gene_128,7.917323409949007,3.7574760225121553,20.79351292563389,0.9870186925486442,1.1102230246251565e-16,4.1119371282413205e-16
Gene_115,7.3193959662359465,3.575101373677492,0.8570162648028914,0.988057051881803,1.1102230246251565e-16,4.1119371282413205e-16
Gene_116,5.416409071371998,4.187141726989462,15.778649091793811,0.9927596316673132,1.1102230246251565e-16,4.1119371282413205e-16
Gene_117,9.562175384926535,3.3605632092257083,9.172987338202256,0.9764909996432863,1.1102230246251565e-16,4.1119371282413205e-16
Gene_119,6.785021933006517,2.895346426904785,21.851477040171122,0.9847873351287929,1.1102230246251565e-16,4.1119371282413205e-16
Gene_118,7.105148848301967,2.523960857003963,4.0547113855988,0.9784379665227089,1.1102230246251565e-16,4.1119371282413205e-16
Gene_120,7.0320404165203865,2.685505659769525,8.690776999018325,0.981119938724591,1.1102230246251565e-16,4.1119371282413205e-16
Gene_121,7.443195592234802,4.566243079507642,7.011550284529169,0.9903614786249783,1.1102230246251565e-16,4.1119371282413205e-16
Gene_127,5.776508142850678,3.163036044620776,11.992866783965905,0.9810597871781661,1.1102230246251565e-16,4.1119371282413205e-16
Gene_122,6.211112676169657,2.7362745342629173,16.80390642604347,0.9708224054428338,1.1102230246251565e-16,4.1119371282413205e-16
Gene_126,9.113001855965942,3.8106693199878587,21.526473614346656,0.9890341803724461,1.1102230246251565e-16,4.1119371282413205e-16
Gene_133,8.375578007604746,4.903602379999125,3.1264724136105784,0.9879857690417334,1.1102230246251565e-16,4.1119371282413205e-16
Gene_132,9.566970770187803,3.7222029141776103,11.423797584083577,0.9862588294214518,1.1102230246251565e-16,4.1119371282413205e-16
Gene_131,9.77597217417165,4.49881380690503,13.44158293881905,0.990912762419456,1.1102230246251565e-16,4.1119371282413205e-16
Gene_130,8.102718252957796,3.8496964212457887,5.137515379576396,0.9860094423443229,1.1102230246251565e-16,4.1119371282413205e-16
Gene_129,9.097294002862741,4.032884764859489,11.659980102103841,0.991132845243907,1.1102230246251565e-16,4.1119371282413205e-16
Gene_141,9.627186792058918,2.7068479890608046,23.827167208867927,0.9846179563783664,1.1102230246251565e-16,4.1119371282413205e-16
Gene_138,9.387947843273606,2.9526073399776767,19.352635338805555,0.9855222177652299,1.1102230246251565e-16,4.1119371282413205e-16
Gene_139,9.113925335213018,3.293789661851815,19.929835713810682,0.9909651907664706,1.1102230246251565e-16,4.1119371282413205e-16
Gene_140,9.387582521743498,3.4180452007225735,10.430912154933202,0.9763090705545707,1.1102230246251565e-16,4.1119371282413205e-16
Gene_143,9.503877062173736,2.4631960660566556,1.568084330798155,0.9769735083726644,1.1102230246251565e-16,4.1119371282413205e-16
Gene_135,6.248785732596938,2.641033126467169,4.932603124076285,0.9793766880530651,1.1102230246251565e-16,4.1119371282413205e-16
Gene_136,8.362772947691697,4.620050842347634,11.995688627757273,0.9926994643915065,1.1102230246251565e-16,4.1119371282413205e-16
Gene_137,5.981323896184664,3.0838887978800407,6.467355434083708,0.9876923253116265,1.1102230246251565e-16,4.1119371282413205e-16
Gene_144,7.033185320444137,2.3270998363782476,9.149159164190001,0.9823113267255126,1.1102230246251565e-16,4.1119371282413205e-16
Gene_142,6.115251583747961,4.8904064181924465,18.24101323578257,0.9957587420395506,1.1102230246251565e-16,4.1119371282413205e-16
Gene_145,6.510539312758708,2.7301269892987112,5.558870588083053,0.9855935429541588,1.1102230246251565e-16,4.1119371282413205e-16
Gene_038,8.907535286527816,3.7469150925841093,6.555930725639037,0.9865328609929441,1.1102230246251565e-16,4.1119371282413205e-16
Gene_031,6.527588788547414,4.472530982452265,20.196757591038228,0.9906126933397179,1.1102230246251565e-16,4.1119371282413205e-16
Gene_027,5.4356855050986645,4.000177140514709,5.610666156722431,0.9853013945488498,1.1102230246251565e-16,4.1119371282413205e-16
Gene_026,9.441097435476244,4.199726861750825,4.98535473104348,0.9880835390660414,1.1102230246251565e-16,4.1119371282413205e-16
Gene_024,6.821575370492568,3.65870785949901,6.1295313658221025,0.9850677697618287,1.1102230246251565e-16,4.1119371282413205e-16
Gene_044,7.022377138755483,4.352109433727047,21.2125895700973,0.9901139272715903,1.1102230246251565e-16,4.1119371282413205e-16
Gene_041,5.813567868202131,4.133695852798292,21.82105868198281,0.9897546046255455,1.1102230246251565e-16,4.1119371282413205e-16
Gene_042,5.890164999377016,4.197896631456193,3.9806876589581544,0.9888746944223065,1.1102230246251565e-16,4.1119371282413205e-16
Gene_043,9.92281448760594,2.5610692281123724,16.196504185228562,0.9821179382351677,1.1102230246251565e-16,4.1119371282413205e-16
Gene_046,8.369724842633856,2.3912085767836455,4.526691144647853,0.9807878329135291,1.1102230246251565e-16,4.1119371282413205e-16
Gene_045,5.101227050446816,3.5880896922485594,11.380620178515038,0.9839766276236126,1.1102230246251565e-16,4.1119371282413205e-16
Gene_047,8.33948657502426,4.5064028363174415,10.098404380022236,0.9898266157245964,1.1102230246251565e-16,4.1119371282413205e-16
Gene_048,5.326771527875176,3.664046812557569,6.728157988541629,0.9908888824452554,1.1102230246251565e-16,4.1119371282413205e-16
Gene_051,4.9947575202157495,3.0651513886364397,1.591339285280532,0.9868119299213051,1.1102230246251565e-16,4.1119371282413205e-16
Gene_050,7.508326311794552,3.5251891261691584,22.00140732164836,0.9935027134412288,1.1102230246251565e-16,4.1119371282413205e-16
Gene_049,8.745531225691419,2.3240631912821583,10.740128875017502,0.9720606674476062,1.1102230246251565e-16,4.1119371282413205e-16
Gene_052,7.031891613237597,3.930080711588685,12.725817571044109,0.9899894467424151,1.1102230246251565e-16,4.1119371282413205e-16
Gene_036,9.809415002506467,4.653209014366789,23.347333909199687,0.9911649135703937,1.1102230246251565e-16,4.1119371282413205e-16
Gene_035,5.0241902540979035,4.530020888826501,12.11874874750743,0.9942600762652589,1.1102230246251565e-16,4.1119371282413205e-16
Gene_034,5.557084891891574,2.6644889003378656,16.28039975890683,0.9850555297553983,1.1102230246251565e-16,4.1119371282413205e-16
Gene_032,5.539616311209977,4.188050869949481,5.844547644226918,0.9923800467234261,1.1102230246251565e-16,4.1119371282413205e-16
Gene_030,8.472295268326056,4.402143891311645,19.12870457329961,0.9942291449308375,1.1102230246251565e-16,4.1119371282413205e-16
Gene_021,8.79032316225415,3.62844016768356,6.8767342909614735,0.9817603727066707,1.1102230246251565e-16,4.1119371282413205e-16
Gene_023,5.670231236630119,4.703339490052474,15.037728197705992,0.9952538236977758,1.1102230246251565e-16,4.1119371282413205e-16
Gene_022,8.69631679374981,2.597718851338681,1.6959625492715542,0.972276675934514,1.1102230246251565e-16,4.1119371282413205e-16
Gene_039,5.971283395116251,4.407197148980564,4.815781014469335,0.991390252282314,1.1102230246251565e-16,4.1119371282413205e-16
Gene_037,6.0741898524397255,4.776422000824494,5.591532030263448,0.9974237492375287,1.1102230246251565e-16,4.1119371282413205e-16
Gene_040,8.289908999544505,4.941796795037279,23.31961075619507,0.9930007742492291,1.1102230246251565e-16,4.1119371282413205e-16
Gene_123,6.520010294390818,2.3157365191943833,17.12986249139045,0.9682695580473045,2.220446049250313e-16,7.930164461608261e-16
Gene_033,9.402134441786801,2.07011773893082,23.429480859525853,0.9683501698119397,2.220446049250313e-16,7.930164461608261e-16
Gene_028,7.68124742911195,2.042434596510265,6.586009093739508,0.9672505724462568,2.220446049250313e-16,7.930164461608261e-16
Gene_025,8.927604152161564,2.134008002506938,8.024223481619432,0.9684646119737937,2.220446049250313e-16,7.930164461608261e-16
Gene_134,7.1305712253084925,2.2768131488193704,6.26531802730511,0.967668915030381,2.220446049250313e-16,7.930164461608261e-16
Gene_067,5.085597205835306,2.260676713907142,5.925124202948008,0.96505380147566,5.551115123125783e-16,1.968480540115526e-15
Gene_125,8.56472222716191,2.401693204859658,13.928260277028741,0.9630440921228628,8.881784197001252e-16,3.1273888017610045e-15
Gene_029,6.182160646844651,2.252636222487166,14.455018123326365,0.9621498102918947,1.2212453270876722e-15,4.270088556250602e-15
Gene_087,7.601461370549336,1.9906358715915726,10.054734134030557,0.9609419749591334,1.6653345369377348e-15,5.782411586589357e-15
Gene_010,7.687622006124189,2.2476979467712774,1.079774798351703,0.9592401406293599,2.55351295663786e-15,8.80521709185469e-15
Gene_015,9.939701522505212,2.0278358181532274,13.378126453838899,0.9574041375580941,4.107825191113079e-15,1.3972194527595508e-14
Gene_109,8.992565837559077,2.0479678936281553,20.860440325766223,0.9573295505975306,4.107825191113079e-15,1.3972194527595508e-14
Gene_114,7.206945764755151,2.147064291754687,16.755110132346147,0.956376009632706,5.218048215738236e-15,1.762854126938593e-14
Gene_124,9.19811965071812,2.0519352871187513,13.002264319804624,0.9481297107479718,3.2085445411667024e-14,1.076692799049229e-13
Gene_011,5.273661746784536,1.9305599791645394,2.7083909244586577,0.9416324396885303,1.1091128016005314e-13,3.6970426720017713e-13
Gene_414,7.260760780711264,0.6958487476306924,12.550062242419799,0.40022436512190374,0.004665332492009511,0.015448120834468579
Gene_349,5.745981282252666,0.7108274585422386,15.660701414812518,0.3513638220523553,0.010617255378302715,0.03452154984026262
Gene_332,6.640805913273685,0.6917761340997957,15.21251885079947,0.3515374199664959,0.010587456984133548,0.03452154984026262
Gene_235,5.07871120923489,0.7252538910191891,3.574089371148951,0.3512743830040954,0.010632637350800889,0.03452154984026262
Gene_440,9.16302754699797,0.7146732465794098,23.611455611836252,0.3488283860326846,0.011061202278541016,0.035681297672712955
Gene_281,5.723281104253199,0.5782279636693862,3.769534274090249,0.3471743880601659,0.011359793515386185,0.03640959460059675
Gene_364,4.872804124119358,0.6128306303730379,19.402717054675662,0.34319420614891183,0.012108441254346847,0.03856191482276066
Gene_232,8.24053147912435,0.8105054391372563,0.5044690829725195,0.34166532913406333,0.012407681584740482,0.0392648151415838
Gene_457,7.952919187414161,1.0000285283752326,15.128654587373008,0.33013252472673327,0.014889611339473419,0.046822677168155406
Gene_477,7.207449730184006,0.7512549261996333,16.153182623744396,0.3246315151135354,0.016224760916279002,0.05038745626173603
Gene_201,5.330314939675709,0.6494485800105012,4.476711441835937,0.32485968108829033,0.016167298898196236,0.05038745626173603
Gene_410,8.446544805751872,0.6281508551908771,22.56178251810306,0.32238753265872944,0.016799817868866418,0.05185128971872352
Gene_496,7.038349011880697,0.5781789375210434,4.547655489860645,0.30605644976963187,0.021572650527699522,0.06617377462484517
Gene_413,5.684813539336814,0.6932955921131043,5.06389100081533,0.300268906461008,0.023538420375934788,0.07176347675589874
Gene_261,5.307717034515068,0.5158473787192617,4.214131201742377,0.2885874697174855,0.02800759757300353,0.0848715077969804
Gene_426,5.245646129485992,0.5401541128805046,4.306290338635606,0.2692908700181692,0.03709519038802078,0.1117325011687373
Gene_323,8.377506139794251,0.728173760719526,1.4077443138296584,0.2676894270359276,0.03795777059026162,0.113363010099938
Gene_185,5.3741862348691525,0.6143264548245505,3.715376940355075,0.2674469022591369,0.03808997139357917,0.113363010099938
Gene_339,6.919910451150835,0.6749917174919234,12.112400343293817,0.26592583652865676,0.03892865135183998,0.11517352470958575
Gene_497,8.87463462650598,0.6027100352092579,9.54382272859863,0.2632382834440232,0.040451444641717016,0.11897483718152065
Gene_363,9.70122069802219,0.6889753559451655,19.007809995785276,0.26149970956857316,0.04146503532083756,0.12124279333578235
Gene_178,8.644813912073646,0.4989933961248358,22.603815356730323,0.2586349919153468,0.0431853933490679,0.12553893415426715
Gene_298,8.847266127573947,0.6881915034947795,0.7945364982126194,0.2529067520837631,0.04682044307765365,0.13531919964639783
Gene_221,6.478568516106977,0.7550962662838108,4.893531040558646,0.2510087262372881,0.04808459451504998,0.13817412216968386
Gene_461,5.601963888130113,0.7191450779733181,0.7342268126061432,0.24876078358668363,0.04962169964947094,0.14177628471277412
Gene_266,9.150378416630375,0.637279335080458,11.503599011552284,0.24616445652520125,0.051452254825289145,0.14617117848093508
Gene_310,7.059212022802354,0.5487371077936073,21.125687519388634,0.2393704966303828,0.056535111366714186,0.15970370442574627
Gene_329,8.504476310362161,0.6669384799888252,6.503707464817656,0.23823511793212737,0.05742750503924532,0.16131321640237448
Gene_186,7.514501778831925,0.5269035177742643,11.036795457107472,0.23257198383894717,0.06207194047587139,0.17338530859181953
Gene_282,7.378120679124507,0.5818909873745648,7.620007651484556,0.23136012538624706,0.06310889277487275,0.17408789498574703
Gene_387,7.698773720059493,0.4783121685204228,6.7407219941313405,0.22986191662100708,0.0644125211447264,0.17408789498574703
Gene_402,7.683948876361652,0.6186601813828522,22.391257574593308,0.23043885448538903,0.06390765624233752,0.17408789498574703
Gene_377,6.825166583668309,0.5901531131632122,16.617630321454186,0.22997819868012281,0.06431047602059436,0.17408789498574703
Gene_259,8.830538023247438,0.6236805125081661,15.040606004306571,0.23146130437899703,0.06302172102379988,0.17408789498574703
Gene_411,9.607664325608145,0.7071302008816844,8.706446709282949,0.23087217631795232,0.06353082373644758,0.17408789498574703
Gene_338,6.35076934644966,0.5669212300182487,0.2846001568040765,0.2286219712624563,0.06550980077942359,0.17536609949574233
Gene_333,9.708454750243805,0.4443573119128188,15.995606764753134,0.22853553221660272,0.06558692121140763,0.17536609949574233
Gene_171,9.698993057910155,0.5249672475272303,18.65473659914178,0.22686534093125066,0.06709327625208217,0.17843956450021853
Gene_233,7.828370226726475,0.6620145127950214,15.743185195308122,0.22534301432876758,0.06849346492942554,0.18119964267043795
Gene_299,5.828315932259144,0.5036353494069986,6.678043587458547,0.21961802325652346,0.07399901204188564,0.19473424221548852
Gene_485,6.326172164952067,0.5954984248916207,20.963118125138443,0.2110043219210742,0.0830392761365285,0.21738030402232592
Gene_162,8.271033308786585,0.508958021579444,4.272255817377637,0.20635360332997188,0.08832507449375138,0.23001321482747752
Gene_393,7.782152249840388,0.5111178107441151,12.940424290817377,0.20123717782432926,0.0944903263413922,0.2447935915580109
Gene_312,8.991706296089731,0.7972325972565164,17.6444693670219,0.1996330722116082,0.09650191119778506,0.24871626597367283
Gene_472,10.039895231094135,0.45077465756365914,5.103793999644239,0.1950480547072455,0.10246711761215432,0.2627361990055239
Gene_348,6.133002939941348,0.4776975135015393,13.406465523317424,0.19163614538619522,0.1071204292502318,0.2732664011485505
Gene_446,6.684791651525785,0.4571454483355771,0.31797885506630663,0.18937875253777625,0.11030338019937191,0.27995781776490336
Gene_239,5.376865910519476,0.6919239300684149,15.889871683446541,0.18632587132076128,0.11474409079024872,0.2897578050258806
Gene_483,7.874861225216711,0.47306955443293436,8.91127744097858,0.18567096147129414,0.11571753628607528,0.29074757860822936
Gene_311,10.033740175405066,0.488162797412628,9.080290912126154,0.18375904468680204,0.11860227245369626,0.29532708144280084
Gene_264,6.8744738071280596,0.5805441745711729,19.325263440892314,0.1836809418197678,0.11872148674000593,0.29532708144280084
Gene_257,7.626210072541313,0.43748562138027763,20.099933800819084,0.1820030795036519,0.12130885994128005,0.30026945530019816
Gene_231,5.789975225982725,0.5392837732255755,0.640672535525163,0.18156467418878552,0.1219932628455822,0.3004760168610399
Gene_471,5.2227737802710665,0.6370300732441868,6.315312628463293,0.17466493818449225,0.13323493034540845,0.32655620182698153
Gene_272,6.041641001080746,0.49926235953885695,8.587724323295507,0.1717613184650063,0.13823972187357803,0.3371700533501903
Gene_419,8.998132233679808,0.564435576325471,16.988339087387093,0.17076367062190578,0.13999817228427758,0.3398013890395087
Gene_498,8.980428488810437,0.5731312784656686,11.736206798439683,0.1674172361661609,0.14604539461933974,0.35276665366990273
Gene_489,6.298054088227966,0.3769612953605568,11.806670622923722,0.16527369946531822,0.15004206177257307,0.3606780331071468
Gene_297,6.995228646241138,0.5538760668441709,1.394477054856291,0.16393674511393797,0.1525846808607665,0.3650351216764749
Gene_441,7.134271460483821,0.3654856324540129,4.424056148220899,0.16228448727765787,0.1557807736028317,0.3691487526133453
Gene_473,9.361757621987659,0.47873526805872435,7.744494646013908,0.16263188123739136,0.15510379716169442,0.3691487526133453
Gene_199,8.39864721169737,0.5592565023051116,14.581602719240895,0.16098221332414453,0.15834241374052005,0.37224660938384746
Gene_420,5.1835180630363595,0.5565138621420105,18.813113792502726,0.16086388216076908,0.158577055597519,0.37224660938384746
Gene_262,8.823109469474034,0.6442428605947632,10.887240639192587,0.15978108222393161,0.16073882288205177,0.37555799738797147
Gene_192,10.092920313851682,0.6319078398060537,19.34784151536355,0.15615365202731057,0.1681765501199498,0.39110825609290656
Gene_436,6.9458543143271445,0.6349955216558772,21.84249878076389,0.14996151461848883,0.1815955417711106,0.4203600503960893
Gene_152,9.869143230969518,0.5503627349818743,18.79592027664722,0.1439172083659268,0.19562103674440423,0.4507397160009314
Gene_268,7.445448861484342,0.5148757453129433,18.782652797952306,0.14353666867201265,0.19653600541577876,0.45077065462334576
Gene_291,7.1111219130939745,0.5066818565672543,22.349182371463762,0.14260000643228332,0.1988046311786852,0.45182870722428453
Gene_455,9.311945090222267,0.5569411972658258,16.261409355838225,0.14293986682096294,0.19797875428278866,0.45182870722428453
Gene_295,5.981750130437003,0.3909797092507946,2.1977037472775733,0.1418654456893751,0.20060030758512837,0.45384684974010947
Gene_195,9.576574607343566,0.40525120750762944,14.940205917421153,0.13993253663742422,0.2053957457086154,0.46260303087525995
Gene_218,7.5203709990023935,0.5575560889238975,7.8413556001470415,0.1392987510536693,0.20699056414841155,0.46410440392020524
Gene_442,6.781771531645793,0.43370871968383445,2.6136729136666013,0.1388900161155746,0.20802501302203102,0.4643415469241764
Gene_453,8.05389394772519,0.3847221923480578,8.3179368684955,0.13403357968723217,0.22067901781363664,0.46556754813003515
Gene_165,9.205776560508024,0.4687167981379845,20.7285383835984,0.13621177444394073,0.21491980507439146,0.46556754813003515
Gene_384,5.549572754123181,0.4581110531245894,12.068313526782154,0.1344997931347338,0.21943472168475853,0.46556754813003515
Gene_194,7.521366758508841,0.4350983558856053,12.909755008837095,0.13485926546300042,0.21847964926168373,0.46556754813003515
Gene_490,9.473055053288975,0.3751037685705437,13.521533606575248,0.1376600735945941,0.21116609634994565,0.46556754813003515
Gene_403,6.04178068602383,0.3773232586024483,18.123365636441797,0.13702162902009374,0.2128134468366697,0.46556754813003515
Gene_276,7.792880400875618,0.5164890101360067,21.43822633738012,0.13469580822856064,0.21891346716075788,0.46556754813003515
Gene_313,8.031374800417304,0.35162283256407156,20.46913188747746,0.13455247300932238,0.21929452212629585,0.46556754813003515
Gene_374,5.366196621068881,0.5050543231672359,4.1394557035171555,0.1340833306594672,0.22054593182085436,0.46556754813003515
Gene_240,6.973302607826433,0.4373695957221613,5.531631249039227,0.1380787155599097,0.21009216505057915,0.46556754813003515
Gene_242,5.894910016366781,0.3087683337528391,2.123834902913359,0.13527469321384378,0.21738059615775107,0.46556754813003515
Gene_488,6.1048549420839,0.4736017269705977,13.892378215351593,0.1356171629018268,0.2164783247560721,0.46556754813003515
Gene_212,8.07808409764992,0.4576824089538395,16.160781212875843,0.13664665526523612,0.21378638638381164,0.46556754813003515
Gene_458,6.817188662390526,0.48167067068260394,12.29216362511864,0.1336412471557329,0.22173107274380033,0.4658215813945385
Gene_369,5.801634132051221,0.3434792023210254,21.90318823652644,0.13265323548397,0.2244005975501555,0.46790352871346863
Gene_214,8.78807846806317,0.5161871298150631,15.479599790654833,0.13223861586761465,0.22552950083989187,0.46790352871346863
Gene_220,9.36830583316568,0.39673702672423955,2.1777995841752475,0.13245534050022423,0.22493877569103948,0.46790352871346863
Gene_435,8.554032212759878,0.4596424256816157,7.187262372777715,0.1311497148275752,0.22851881007003405,0.4702033129013046
Gene_324,7.084464303681073,0.43576085740543713,10.281929658907805,0.13120080005223933,0.22837777071117693,0.4702033129013046
Gene_286,6.934152886646133,0.4466211218588836,9.919008732740899,0.12785810084930205,0.2377743963775525,0.4872426155277715
Gene_451,7.770892474847663,0.4870905347393014,21.351263943358624,0.12602279874517963,0.24308104165954103,0.4960837584888592
Gene_190,6.534142140725727,0.5587100257018608,19.506087947684136,0.12515562867458363,0.2456254823108227,0.49721757552798124
Gene_421,5.638112710973502,0.5488782789767545,17.070814641423283,0.1253668450795633,0.24500352358226662,0.49721757552798124
Gene_340,9.023074672724675,0.44912772628927367,7.670461339377542,0.12434161101679753,0.24803586516410525,0.5000723087985993
Gene_237,6.971283772101463,0.49983015168211486,6.5041777863767,0.12370134140370459,0.24994677778588237,0.5019011602126152
Gene_401,9.934082777917796,0.2897748401327741,20.698403162300473,0.12113504386532603,0.2577404316115397,0.5134271546046607
Gene_428,5.4666626755837315,0.46820246806607213,12.401786418502496,0.12133335646718812,0.2571304249495907,0.5134271546046607
Gene_409,7.815475672954365,0.4403557430401985,16.187457108158497,0.11976386137376083,0.2619941206699863,0.519829604503941
Gene_275,6.655745690081449,0.5014138089395929,1.5076692780554042,0.11850394661392738,0.26595852051638547,0.5256097243406828
Gene_197,9.138995616658345,0.44256214672234445,4.619962723296912,0.11701152290092554,0.27072469883609174,0.5329226355041177
Gene_432,6.484525389796492,0.39331890153034815,11.366866812586292,0.11580364734424498,0.2746385834983879,0.5385070264674272
Gene_407,7.749729559829732,0.4689540333753202,8.416649127446997,0.11491584154534451,0.27754790944143837,0.5402970766183632
Gene_293,5.142143664535843,0.4859246853008728,12.026437441221622,0.11464575326947124,0.2784384998575642,0.5402970766183632
Gene_322,6.652975055064796,0.5175947698325186,10.87584414238596,0.1143093524932356,0.2795513647909381,0.5402970766183632
Gene_494,9.251230968185242,0.4260250886638119,11.220061137352738,0.11421208618242928,0.2798738856883122,0.5402970766183632
Gene_303,9.262961177596353,0.45559537491082136,21.37107489590725,0.1138678853369669,0.28101791092829287,0.5404190594774863
Gene_478,5.600855948136263,0.40903492307072375,1.3164271659651972,0.11331411068442043,0.2828673815746302,0.5418915355835827
Gene_357,5.700190325660703,0.35151788889428337,16.74062392476701,0.1128283766869892,0.28449867178791943,0.5425442955153575
Gene_462,6.937196810327012,0.4291930900087184,22.238058109741054,0.11256750298886253,0.28537829944107806,0.5425442955153575
Gene_443,5.7121075536501635,0.27488130501437374,7.000453372441547,0.11185429531342062,0.2877957045521209,0.5430107633058884
Gene_271,9.345238533768912,0.40105188199507363,22.945218352828668,0.11200995593695506,0.2872665206451538,0.5430107633058884
Gene_344,9.893104580049227,0.33725920561785194,1.2012201711460413,0.11088662842822827,0.2911052167776733,0.5471902571008898
Gene_418,9.28750533533523,0.43580534735629606,17.04444614014964,0.11007607402595643,0.2939038483390136,0.5476946507891612
Gene_326,9.290135043885622,0.4029145658929952,19.693770827666814,0.10897299961969609,0.29775158146065406,0.5476946507891612
Gene_209,6.062582794501091,0.42198805822540314,8.953894683418728,0.11042203539825479,0.2927063705057401,0.5476946507891612
Gene_328,5.379188130521788,0.26559109922770574,23.958323179233044,0.10916047550944752,0.29709443233557575,0.5476946507891612
Gene_164,6.2171530397526205,0.4109797947728594,0.14302883318885262,0.10895467269847925,0.29781589234107164,0.5476946507891612
Gene_487,7.558013316274951,0.4100526582628912,5.822747862822032,0.10891763768432816,0.2979458900293037,0.5476946507891612
Gene_425,6.67268524200403,0.30115082481222266,13.412745872952604,0.10725789585084433,0.30382477612211134,0.5490795196999391
Gene_187,6.899541360804451,0.3666699351107097,20.277092626359895,0.10710186377790776,0.3043828104622648,0.5490795196999391
Gene_156,7.129011342443648,0.36696688215159456,4.987371453829477,0.10730822132694795,0.30364498920982674,0.5490795196999391
Gene_285,9.438153754910221,0.4268610737583424,6.775626404855968,0.10801132200466967,0.3011432201977088,0.5490795196999391
Gene_256,7.498075413127979,0.4781307302138685,6.450234021952724,0.10659031959824194,0.30621881100107773,0.5490795196999391
Gene_163,5.470926519214381,0.4300406321235555,21.71968826311562,0.1065437722516549,0.306386371992566,0.5490795196999391
Gene_254,9.398997405886707,0.40561694482947913,8.08431174959044,0.1077711892572224,0.30199555428929303,0.5490795196999391
Gene_248,5.0908960613499445,0.4376886124953583,11.80006304207519,0.10430626078093153,0.31453947308383934,0.5616776305068559
Gene_416,7.7003792824004424,0.3538855682175485,15.387984061470636,0.10284897509152058,0.3199545973926683,0.5693142302360645
Gene_395,5.478302992764078,0.43573863998372486,9.867455132271868,0.10166042960678712,0.32443340582458013,0.5752365351499648
Gene_439,7.732702912304406,0.4654771230280887,7.8374630205117555,0.09984017870125306,0.331402709492842,0.585517154580993
Gene_277,5.498913909955475,0.37274713805189175,4.912990092104566,0.0991435142297602,0.33410571235903797,0.5866435150221508
Gene_274,9.149222275598246,0.399499932418248,12.07697341435817,0.09907135956232016,0.33438680356262596,0.5866435150221508
Gene_479,8.750332107789475,0.3829266469076633,13.850329993038054,0.09785840678231161,0.33914421810366524,0.592909472209205
Gene_241,5.437446354366882,0.3906190479639087,5.093120162976712,0.09719521866678649,0.3417711737902299,0.5954201633976131
Gene_399,9.032886866967925,0.4470042161597701,19.14832363536552,0.0958696626698794,0.3470770837056072,0.6025643814333459
Gene_400,5.211596883611734,0.3778252162300597,15.825822901882221,0.09384914755297236,0.3553082446583028,0.6147201464676518
Gene_278,7.558037581465411,0.35136381859799093,21.444179298202144,0.09267467220379777,0.360173586119366,0.6190197913745783
Gene_247,9.096750924548845,0.39418263227097533,1.776855688352478,0.0926516591031924,0.36026951858000456,0.6190197913745783
Gene_476,8.809079005380918,0.3657171784486295,16.398559222775333,0.0909166086937665,0.36756918530391036,0.6272511694605979
Gene_170,5.582019103468069,0.3654635524400303,7.437065266432402,0.09106066917596356,0.3669580425651148,0.6272511694605979
Gene_404,8.075973132925686,0.3739279888268501,0.17591912894194456,0.09053117362072394,0.36920883360946444,0.6279061796079327
Gene_154,9.926511003707267,0.35614498264105154,10.19134845192507,0.08936416999372165,0.3742137217543704,0.6342605453463905
Gene_366,7.910284244891408,0.34131626810135923,4.1973078304889935,0.08818425594227297,0.37933630631362114,0.6352356171127967
Gene_346,7.399129473289062,0.32718449304055475,16.1919139564443,0.08801943816094382,0.3800568886347655,0.6352356171127967
Gene_307,7.325975624218575,0.3297525347840093,10.03642464723584,0.08849141732584342,0.3779966961877622,0.6352356171127967
Gene_356,8.650550714742183,0.36081372693819114,11.861437256681544,0.08777191837766274,0.381141370267678,0.6352356171127967
Gene_454,7.774387587691311,0.4116577545669871,21.274828963561564,0.08799656714558712,0.3801569783621225,0.6352356171127967
Gene_385,6.045199621023223,0.35729123598168255,10.688181409959325,0.0872017732231074,0.3836500607217225,0.6372924596706353
Gene_484,5.559788989737915,0.32474580422476634,10.613933361984586,0.08643069136293868,0.3870666562381804,0.6408388348314245
Gene_288,6.913350893010282,0.38889218024179306,6.724462100342051,0.08561697602542961,0.390701989515982,0.644722754976868
Gene_290,6.221990166731792,0.3827655044953777,15.954514643699653,0.08493489756000094,0.3937729939101434,0.6476529505101043
Gene_263,8.150607617749136,0.3861506656180012,13.687470307281945,0.0843230700755655,0.39654626245733826,0.6500758400939972
Gene_372,10.064404107687544,0.41562042645955305,12.61811722196723,0.08375154242488603,0.39915281256515334,0.6522104780476362
Gene_380,8.825089567857356,0.3013686284413352,13.82084388380219,0.08285777269457983,0.4032600902507558,0.6525244178814819
Gene_289,6.146291357037145,0.32777277590322235,15.445587923831134,0.08289724817343447,0.4030778784626805,0.6525244178814819
Gene_265,5.29617352221617,0.36591941681012846,22.732358883495305,0.08340566186205123,0.4007377797135159,0.6525244178814819
Gene_480,8.112784944079147,0.40573519897587507,1.921076584687833,0.08253987151199249,0.4047301844173061,0.6527906200279131
Gene_343,9.413445075986935,0.33795287388913925,23.78018941984037,0.08153167518300508,0.4094245927644342,0.6561291550712087
Gene_244,7.0703154721371,0.3279551954795003,9.476181917786676,0.08178515375078399,0.40823972184687907,0.6561291550712087
Gene_424,5.1973304144303984,0.2874612350836502,14.728079194467774,0.0802814062634507,0.41531455289586794,0.6634417777889264
Gene_373,7.063306850889491,0.35827609856861353,16.10336600266872,0.07823940048291667,0.4250993820688763,0.6726256045393613
Gene_213,8.025203285222666,0.47641715227481024,4.594969756636228,0.07851689482757485,0.4237575603324366,0.6726256045393613
Gene_158,5.5122045578493175,0.46200525109899426,2.84266327623248,0.07847967148956558,0.4239373306683544,0.6726256045393613
Gene_238,8.746347431436874,0.32766393039375696,19.59350693692811,0.07793751813164451,0.42656349666389237,0.6728130862206504
Gene_305,7.005869041440501,0.3774388449269022,21.842429319141356,0.07717254721490452,0.4302940190720089,0.6765629230691964
Gene_222,6.935073660683067,0.3284553999625996,22.594005380857382,0.07651196415015282,0.4335391983737441,0.6795285240967776
Gene_304,5.620527828406072,0.2487599845453486,22.32749099517725,0.07598996417754722,0.4361192192965472,0.6800180364963946
Gene_467,9.544401883971249,0.3504473014915591,0.7022433414125921,0.07589872890142613,0.43657157943068536,0.6800180364963946
Gene_486,8.7594221506464,0.35209367313830925,11.994680350577623,0.07558301440207271,0.43814022420898024,0.6803419630574228
Gene_438,6.503525928982986,0.31122235943642146,18.43591155621407,0.07501500399315475,0.4409752610896134,0.6805173782247119
Gene_279,9.86914940100573,0.40903601422064,15.386791890628578,0.07522510624769285,0.43992467649304734,0.6805173782247119
Gene_468,8.00908823842272,0.42038080448031584,15.861904500298944,0.07469579180412678,0.4425757782022077,0.6808858126187811
Gene_227,9.416439975622087,0.42978690393229774,3.0494004814093962,0.07420992281517469,0.4450219956213787,0.6825490730389243
Gene_500,8.327604786398462,0.303017847923638,17.256008861249747,0.07174282036713076,0.45763299395820356,0.6984550434707909
Gene_175,9.525852363349626,0.3765160465965331,17.770680891980387,0.07163595100288656,0.45818650851683884,0.6984550434707909
Gene_381,8.943545451503528,0.4068763628574942,21.60617093435572,0.07057557711745988,0.4637114765855683,0.7047286878200126
Gene_495,5.345011779663611,0.3232079876433506,11.473814995146013,0.06945982933218642,0.46958998181354494,0.710547344661394
Gene_390,8.102972606193081,0.32421098006970717,15.731029338873212,0.06931040598463256,0.47038234216584285,0.710547344661394
Gene_258,7.076565363808576,0.3048641155258475,19.004552613335168,0.06873768055604657,0.4734306002646226,0.7112381289886035
Gene_460,5.8109154516962365,0.3538801108158792,13.78324629965105,0.06791268309046261,0.47785296393365073,0.7112381289886035
Gene_269,7.13415148023522,0.3381895308406314,13.070275653134686,0.06829305430650556,0.4758093777944499,0.7112381289886035
Gene_342,9.411454526130145,0.32305068072230975,7.9222663203891415,0.06781657548159026,0.47837056775348985,0.7112381289886035
Gene_378,6.679172920908714,0.3121835175034081,9.401802851815159,0.06744535315269617,0.4803746157602071,0.7112381289886035
Gene_389,8.201388555729201,0.29096958949152035,19.18463451230196,0.06736729568363653,0.48079697519629594,0.7112381289886035
Gene_450,5.406792484257303,0.3195175900414518,16.40981729587444,0.06772786131610642,0.47884880310520606,0.7112381289886035
Gene_273,8.207016797558365,0.2948266075970232,4.140940849587597,0.0670573745013161,0.48247723820804445,0.7116183454395936
Gene_153,8.472363261560492,0.2617372590523499,8.46180181868879,0.0665239779689133,0.48538153584834964,0.713796376247573
Gene_452,9.03825452107528,0.31489361724506904,8.700652277451615,0.06623594727522442,0.4869564060520426,0.7140123255895053
Gene_463,8.437625844513045,0.3433554796562314,16.098982261210953,0.06534121019113515,0.49187810693508105,0.7191200393787734
Gene_253,7.867082758234613,0.3390460691790176,20.62576383695748,0.06354970590239262,0.5018681893019465,0.7296550154254241
Gene_191,5.313170526251708,0.3118978315944574,15.752849664853061,0.06326688684557435,0.5034619606435426,0.7296550154254241
Gene_176,7.612422380698936,0.3912396442273688,20.96868820351156,0.06340284309341371,0.5026952352044483,0.7296550154254241
Gene_382,6.125802765329975,0.2743488318958975,1.028376627915929,0.0622278399853734,0.5093566999319832,0.7360645952774324
Gene_155,6.526125326392826,0.33663351454575535,0.692947862255908,0.06145881618505711,0.5137596736290173,0.7402877141628492
Gene_475,9.378540008258206,0.31447071391036413,12.867310848672188,0.059107179583751335,0.5274382520276151,0.7566283333236157
Gene_386,9.270669407355806,0.2577927966532027,21.19734076474226,0.05899030602058786,0.5281265766598837,0.7566283333236157
Gene_202,8.950886550218492,0.33735149001015463,0.22431586866373304,0.05834951747926498,0.5319149532824018,0.7598785046891454
Gene_174,10.025796057370322,0.28354262089734644,3.3271330705544475,0.05743376253830412,0.5373716284035259,0.7611496153024447
Gene_396,4.794689027541846,0.28161247209651213,16.86547580236315,0.05758135339223025,0.5364887749818212,0.7611496153024447
Gene_296,5.089680570007907,0.39270497470799465,15.462325432690871,0.057509245820187016,0.5369199412585124,0.7611496153024447
Gene_417,8.62148355256843,0.31136027893782536,12.028364490584503,0.05601675781921933,0.5459149515979957,0.768894298025346
Gene_481,9.335297716714738,0.26952041329163257,22.26927584785687,0.0560586032971081,0.5456609086804154,0.768894298025346
Gene_456,7.779394983234927,0.2832132495743711,4.684224238883334,0.055715072117781594,0.5477496475578867,0.7693113027498408
Gene_359,6.750013895616134,0.25498792603553466,0.17203898330532952,0.05528158749524026,0.5503956439032098,0.7695480236894434
Gene_321,7.077115073326114,0.37379478705085445,9.8906943179319,0.05518343280290572,0.5509963849616415,0.7695480236894434
Gene_260,5.418534438064017,0.34168265311624585,4.2041729313286975,0.05433991307205088,0.5561835286170531,0.7746288699401853
Gene_243,5.952059021797811,0.21853204599521164,3.047336357034254,0.05311051310302495,0.5638227485853922,0.7819557970957988
Gene_308,8.375337462829611,0.33864359919444154,10.794767136272684,0.052990733308759363,0.5645720855031667,0.7819557970957988
Gene_375,6.952530308303657,0.3326212984055703,17.764706254415746,0.05208983651500709,0.5702369929408859,0.7832925727209971
Gene_249,5.079112213057343,0.28668665418164246,3.850014878726963,0.052495304231159556,0.5676810476246452,0.7832925727209971
Gene_447,8.718430299822158,0.24950161367111348,7.937386600557987,0.05231326784342483,0.5688272647561803,0.7832925727209971
Gene_161,4.8946283832411766,0.30058074640475774,6.573423678806476,0.05163552174056585,0.5731132208200542,0.7848590901798655
Gene_336,6.545136007535593,0.279847855938767,3.520126392891411,0.051414559284099104,0.5745168540116616,0.7848590901798655
Gene_245,6.67118176635465,0.2874717493987161,9.90829315688854,0.05050942303279926,0.5802991303929326,0.7890841121480706
Gene_217,9.85025278424274,0.28000466025031684,4.553373281984717,0.04994642387401771,0.5839222429895723,0.7890841121480706
Gene_361,7.2595056669680655,0.24972048326902696,21.516061207026823,0.0499942511059186,0.5836136630998031,0.7890841121480706
Gene_159,6.5509584091292155,0.31522941430230034,14.544202853380574,0.050011296320414234,0.5835037235448888,0.7890841121480706
Gene_499,9.51533494151819,0.3190128411906465,2.8093337069727737,0.04915987016008261,0.5890182866205833,0.7909159996343329
Gene_177,9.489061486168142,0.3018034356580592,4.075015047807879,0.04900547214682183,0.5900233357272123,0.7909159996343329
Gene_292,8.038978528910079,0.3397987860997615,4.063386467798793,0.04907571725987503,0.5895658851132513,0.7909159996343329
Gene_216,7.451255601330996,0.23870919795970708,15.058999052103225,0.04837125931714159,0.5941680218642083,0.7943422752195298
Gene_316,6.853826163230609,0.21921483612745893,12.812959747203719,0.04763039083495191,0.5990430680833659,0.7987240907778212
Gene_491,8.285521894217073,0.2540305386171083,22.546815931843284,0.047245544136112705,0.6015896833742063,0.7999862810827211
Gene_230,7.873552024900638,0.26520963333037734,19.834042345370662,0.04611824956217847,0.6091057088013149,0.8056953820123213
Gene_210,9.47339293557246,0.24309756890862133,7.552137815656363,0.04623588388937472,0.6083174531082292,0.8056953820123213
Gene_335,7.087339851647248,0.3355828572379751,23.357527796929396,0.04521852396845938,0.6151653111116112,0.8115637349757404
Gene_151,7.8969368060684,0.24686751459116604,11.5663929081074,0.0440051117335476,0.6234239550472803,0.8159999411613617
Gene_309,8.581001672037322,0.22886373430657098,10.784813753387125,0.04401684957732199,0.6233435875930606,0.8159999411613617
Gene_315,9.800347439099738,0.28239944868434863,3.3499328484937694,0.044459896888300765,0.6203169472129262,0.8159999411613617
Gene_207,7.779195350056812,0.20140110614403922,20.237602725661986,0.04239683354985291,0.6345246837137603,0.8241672235101062
Gene_204,6.011269948021048,0.18569309405003298,3.4119092491087586,0.042812312136812025,0.6316399479823238,0.8241672235101062
Gene_345,9.570445350838005,0.24775857708152002,13.94504434738053,0.04238474967821437,0.6346087621027817,0.8241672235101062
Gene_301,7.290269058375142,0.2704229342354173,1.3763842073682717,0.041301409766591246,0.6421876240539004,0.8270337040198712
Gene_172,10.010984355002327,0.21428703427079343,17.509346956213115,0.04157684858370281,0.6402529772785015,0.8270337040198712
Gene_294,5.268482383013119,0.27458439322850275,1.0144851435299824,0.04133084712042556,0.6419806077412755,0.8270337040198712
Gene_415,6.9769257641073965,0.21063952433308167,12.84700567448013,0.04112461093922448,0.6434322217274598,0.8270337040198712
Gene_482,6.270756342114306,0.2493561813100148,10.800054424898617,0.04082387260897469,0.6455543215557659,0.8276337455843152
Gene_431,5.317842522120834,0.24683151500766934,15.242850092833025,0.04050541300834487,0.6478083692000137,0.828399449104877
Gene_444,8.49834027817237,0.26713080914926435,18.37409097071414,0.03922221321044783,0.6569631543220674,0.8379632070434534
Gene_251,8.0118017045609,0.24255924003948504,3.34757854131038,0.03880537696761477,0.6599620958875505,0.8393332164558593
Gene_196,4.963024239300139,0.1999365785074208,18.212833831197614,0.038606874849459905,0.6613945745672172,0.8393332164558593
Gene_383,5.769818684924568,0.2024872833848043,22.13050353301402,0.037371748864933774,0.6703711769648916,0.8464282537435499
Gene_169,8.23044201302223,0.2139056441290128,16.5757640633023,0.03737468012454992,0.6703497434186474,0.8464282537435499
Gene_168,8.328413844897767,0.21968315587617848,19.0675762382323,0.03659258641771557,0.6760904969481168,0.8514993664333965
Gene_370,9.2798589373483,0.24591268219743978,20.999258859005373,0.03567555711577508,0.6828783402295715,0.8578873620974515
Gene_434,8.922184019459737,0.2289422923451283,8.365458881268333,0.035402508531494514,0.6849113224327155,0.8582848652039041
Gene_229,8.127916429010881,0.22255200788696677,20.43559643342682,0.03432560187485256,0.692982926289054,0.8633460933882465
Gene_189,8.079082939092329,0.16704903269591112,6.7291481512459015,0.03454215710813335,0.6913529276714145,0.8633460933882465
Gene_430,5.900332784929406,0.17989418990940265,22.734890853875072,0.034173447924366496,0.6941302590841503,0.8633460933882465
Gene_300,8.883272940312567,0.25355300875435605,21.473519285920382,0.03393528492643916,0.6959296029642543,0.8634362319655761
Gene_224,7.807930359219585,0.22074401751909561,14.364330101014936,0.03129052596017645,0.7161965843143352,0.8643119355542013
Gene_437,8.198385313127993,0.15696750269392212,4.739004359732415,0.029079818279955316,0.733545486608344,0.8643119355542013
Gene_167,7.115793421091343,0.18737784504397229,18.073548749022898,0.029983512786111,0.7264081658206206,0.8643119355542013
Gene_181,7.124021742981365,0.16934036335099978,22.60199637847976,0.032965744276095,0.7032982148867057,0.8643119355542013
Gene_211,8.242910239322384,0.2305425103004429,5.576209324220549,0.03342540457407861,0.6997959934165019,0.8643119355542013
Gene_330,9.339171931633562,0.24064059025875748,19.011450732575415,0.029765958772712486,0.7281206269089742,0.8643119355542013
Gene_198,4.847595759086091,0.19776780449071085,20.983688754172633,0.0294580904222832,0.7305502329059987,0.8643119355542013
Gene_183,7.582748907620175,0.19827557981942248,13.11287943930851,0.031770424309024214,0.7124799012747142,0.8643119355542013
Gene_371,8.189676013791528,0.20919788583923637,15.45876225993061,0.032604206625198695,0.7060639581269335,0.8643119355542013
Gene_354,8.858387426872337,0.2563312845764288,17.643128033469576,0.029336800734715562,0.7315094276355197,0.8643119355542013
Gene_180,7.509215423453411,0.17825660193039453,15.555205631901892,0.03172755619228451,0.712811192026976,0.8643119355542013
Gene_376,7.391837390809707,0.22841960180194398,14.241558365061133,0.029324245751844447,0.7316087812037806,0.8643119355542013
Gene_464,8.976203840810836,0.2268056428808675,14.182009616954192,0.02872140129058831,0.7363937690921795,0.8643119355542013
Gene_252,9.034261183598739,0.21494567517055324,23.321618650842122,0.03163972809242077,0.7134903750923938,0.8643119355542013
Gene_422,8.268185781681142,0.21293177645790343,10.229652845966392,0.030631348542841663,0.7213303317070356,0.8643119355542013
Gene_287,8.830142064718661,0.1976401671487472,17.736885386137537,0.02919861582620409,0.7326036232598381,0.8643119355542013
Gene_493,9.791278656563788,0.2698113808287797,3.7023617413603453,0.03236033099256841,0.7079351471581068,0.8643119355542013
Gene_228,7.049641897089913,0.2618787400567994,23.027557929846505,0.029900561224052602,0.727060682904015,0.8643119355542013
Gene_302,8.426061043484316,0.18645977250556753,11.40077736136504,0.031795821230217625,0.7122836960654452,0.8643119355542013
Gene_449,6.4578184929243365,0.21119152562360363,11.042127607788862,0.031127110907913536,0.7174661877212352,0.8643119355542013
Gene_334,6.75984838804406,0.22370185370709197,1.9794277522600001,0.02880541583895646,0.7357252225447353,0.8643119355542013
Gene_337,8.080530559723641,0.23969315416045592,13.71105193275318,0.028730422605488415,0.7363219555635029,0.8643119355542013
Gene_470,5.299050534545304,0.16461615307098412,15.377668967090642,0.029844513910966652,0.7275018648071878,0.8643119355542013
Gene_448,6.670767612108546,0.2386613621466612,0.39542454890391493,0.028243396120973263,0.7402079706771798,0.8667540640248007
Gene_157,7.019668297705727,0.17342416650677236,0.0661837821628437,0.027501296948821752,0.7461649133810317,0.8716879829217661
Gene_365,5.984776706440874,0.12955256346168975,12.667156171143874,0.02588339540858764,0.7593026860097035,0.8849681655124749
Gene_193,6.092617507420912,0.1914276064593208,8.814969944314305,0.025216975858363244,0.7647747698794783,0.885784651953269
Gene_392,8.077813724354165,0.1612549629413888,17.985907512494848,0.025151061366039063,0.7653179392876244,0.885784651953269
Gene_267,6.404833154848704,0.1903177831733409,8.291176347779295,0.025507067068123224,0.7623884116590628,0.885784651953269
Gene_160,5.94302609170639,0.21156318318027797,14.978879676448232,0.024850870385111024,0.7677960850036962,0.8862307138287184
Gene_492,9.27284667189211,0.15895959120503442,20.777512902292067,0.024675367855632735,0.7692482596033275,0.8862307138287184
Gene_465,9.133299264250265,0.15619661530451723,6.298506170029666,0.023171961849792533,0.7817902074227863,0.8906333694761689
Gene_427,5.587872214932253,0.21348404360387685,14.197687186419158,0.023380814117035187,0.7800368938910898,0.8906333694761689
Gene_398,5.700174839402325,0.20065363166219596,23.781186014214256,0.02365463968223569,0.777743520016819,0.8906333694761689
Gene_433,6.552020277903781,0.1956684905097119,23.41084704428946,0.023149843628867628,0.7819760984000762,0.8906333694761689
Gene_200,5.418797967766138,0.2153007932363304,14.457006780070074,0.02360478478727135,0.778160615396488,0.8906333694761689
Gene_226,5.652530722886274,0.19921663026927305,9.9379490103849,0.022452096675060762,0.7878608312380198,0.8932662485691834
Gene_445,8.397631440630834,0.2034217160211945,21.233385344730575,0.022475155251767576,0.7876657189607589,0.8932662485691834
Gene_394,9.137055063080505,0.208734485839619,5.46938886359871,0.02222634304115534,0.7897733775651866,0.8934087981506635
Gene_429,7.796663014270056,0.13454928123788362,13.924874651776209,0.02163205063220075,0.7948282223184435,0.8970973163865051
Gene_320,9.050189895347598,0.21017078257438607,11.953620853344963,0.021355703525151704,0.7971886898985988,0.8977350111470707
Gene_188,9.63751759105995,0.17526198772875798,20.977562221256424,0.020445913581549235,0.8050047027719989,0.8991541678458567
Gene_459,5.299040931573289,0.15807394348190762,10.87654708434531,0.02037206897399846,0.8056421343898876,0.8991541678458567
Gene_205,6.861000869859178,0.18852205613838738,5.081123772379928,0.020799655735222133,0.801957500601269,0.8991541678458567
Gene_182,9.381879156514392,0.2277848108599601,12.224374785429378,0.020401482342911392,0.8053881815092132,0.8991541678458567
Gene_331,6.992624777983687,0.19094564021508922,20.16630853111986,0.019942209862358506,0.8093617822459039,0.8993370433425268
Gene_474,7.900989914375701,0.15053048637118266,20.72667752168586,0.0197302050536613,0.8112020130949592,0.8993370433425268
Gene_412,8.343106290671294,0.20512610683090618,12.86208700173083,0.019790351594155098,0.8106795486023344,0.8993370433425268
Gene_219,7.366892298499179,0.16866712306397247,0.6226608285326024,0.01947050097358194,0.8134614387889035,0.8998467243240083
Gene_368,7.405903933309164,0.1693556898852806,8.11773821430015,0.018734270859796953,0.8198976256155177,0.9004809442837254
Gene_319,9.65627558467376,0.16615479137172937,2.8943978799077215,0.018788618943826663,0.8194209397413246,0.9004809442837254
Gene_255,5.0359659675380035,0.2077408330989051,7.384327436084249,0.01870435257341485,0.8201601453214333,0.9004809442837254
Gene_379,6.258988312194058,0.1682417057298712,9.628629852151457,0.01858153397521256,0.8212386211867575,0.9004809442837254
Gene_318,8.541745401544564,0.17550156167383105,3.589749045690714,0.01834051350661603,0.8233587636138421,0.9008301571267419
Gene_270,6.849818246210488,0.17826652113595648,9.633983963090397,0.01756173117762916,0.8302432380426398,0.9063790808325761
Gene_325,7.498510745196596,0.16661080209393722,3.572606298329309,0.01719056587690715,0.8335426477038473,0.9079985269105091
Gene_206,7.20692931882223,0.20554313006751598,12.877800838317537,0.01684399971549133,0.8366340926522191,0.9093848833176295
Gene_362,8.651303106729529,0.17376724376711744,5.941877306410792,0.015937842240706157,0.8447662961863202,0.9161638546407135
Gene_166,7.054118668281278,0.1117718423477926,19.003050582241066,0.015134846229865495,0.8520323848158635,0.9161638546407135
Gene_283,7.09404422030652,0.14764325805887307,8.073472238287222,0.015224527103182561,0.8512180919673745,0.9161638546407135
Gene_246,7.965388848818031,0.1816059100607,17.62154647663398,0.015548969070673935,0.8482780711043408,0.9161638546407135
Gene_347,7.970309373646329,0.15086452288848334,21.399149004839366,0.015155376443757862,0.8518459104660957,0.9161638546407135
Gene_317,7.517475641552088,0.16577008811782287,23.23924566473161,0.014230584598272311,0.8602824541063988,0.9197328633095186
Gene_223,7.454196638478927,0.16137246879031011,6.911411712145853,0.01416648975181456,0.8608699600577094,0.9197328633095186
Gene_352,6.341254637519541,0.1171444302140845,10.503764703760588,0.014371421705878906,0.8589927876189895,0.9197328633095186
Gene_423,8.768861548702834,0.15265552246091618,21.87547939660761,0.013064105951106297,0.8710316061299056,0.9235798820415629
Gene_360,6.503107559142535,0.1281895386471832,19.654817956224427,0.013179453225159232,0.8699632881988059,0.9235798820415629
Gene_284,6.381641717576487,0.15870564301719361,20.698386018963348,0.013109052785800768,0.8706151785975338,0.9235798820415629
Gene_327,6.981311782912021,0.17415916988685612,22.190529483363658,0.012974815332791434,0.8718594086472354,0.9235798820415629
Gene_351,8.923013074239371,0.1396201408410311,2.204845682056074,0.01226086090522005,0.8785040368525192,0.9266920219963283
Gene_280,8.041700115467272,0.18415950696038438,6.432491090737264,0.012326302738601247,0.8778930813454291,0.9266920219963283
Gene_225,6.509520647930635,0.1606053694893006,6.072172631087848,0.012034420760500208,0.880621018984893,0.9269694936683084
Gene_408,6.741314723939584,0.09520301580446754,19.55167207423286,0.01053323895390057,0.8947726504800075,0.9398872378991676
Gene_184,5.345136283865762,0.11567259512837923,0.22976396370349056,0.009934308459327412,0.9004759508939537,0.943895126723222
Gene_203,8.9828712073475,0.13361356758668458,4.325897241104025,0.009436346126703854,0.9052428031464584,0.9469066978519439
Gene_179,6.8126558510102,0.11425337852019253,5.384081399208712,0.009108189272078127,0.9083966236950404,0.9478283130337274
Gene_388,7.6327464716401066,0.13698596899411855,12.32708440641166,0.008841074510526958,0.9109711220862445,0.9478283130337274
Gene_215,5.501319541682048,0.0912602117085705,6.335945520889634,0.008754098337536043,0.9118108371384458,0.9478283130337274
Gene_306,7.877386754732964,0.13165102884318458,6.583705205733952,0.00756557261523616,0.9233558932353458,0.9519132919952019
Gene_341,8.703642410509463,0.13113898579541355,19.03910643754555,0.007969063421324973,0.9194217361495939,0.9519132919952019
Gene_466,5.36971214109874,0.1177244272842453,23.284390241873297,0.007716122765611622,0.9218862061391098,0.9519132919952019
Gene_358,8.842816740101188,0.09590375770029443,2.8247379334607254,0.007781620581334692,0.9212474702247083,0.9519132919952019
Gene_469,6.111588031531756,0.10675934187596735,20.26846587033594,0.007231636052982382,0.9266233873255252,0.9533162421044498
Gene_234,6.589973372916333,0.09151333094055364,13.911520941835759,0.006024672146583976,0.9385206838631424,0.9635735973954234
Gene_236,7.20376840761645,0.08620307448095701,6.9827119731781435,0.005530761743238077,0.9434289828858501,0.9657371825613813
Gene_353,9.428679009882483,0.06597468700499233,16.794305957911284,0.005424203070138245,0.9444909645450309,0.9657371825613813
Gene_397,9.660959743331592,0.10109557139561244,21.669642186071137,0.005229569290771896,0.9464335099186365,0.9657484795088128
Gene_208,5.819054911679064,0.07022665374538761,15.139428542338356,0.0047978147562735,0.9507555518297907,0.9681828430038601
Gene_391,5.512750227841902,0.07329942640171802,21.503289892380046,0.003796049100735388,0.9608525074418385,0.9764761254490228
Gene_350,8.913387614531779,0.06594358417866002,5.601317519552436,0.0034027662819146043,0.9648429152581747,0.9785425104038283
Gene_250,4.984407357053134,0.058448352541698535,6.9231717642143185,0.002601077376895966,0.9730236473080852,0.9848417482875356
Gene_314,5.453701521085259,0.05660010649853458,8.379179983400673,0.0022010448191144283,0.9771291530998711,0.9869991445453243
Gene_405,5.453148754724716,0.047124122282269074,6.947360030220198,0.0011029819682731867,0.9884791764939553,0.9959309722688086
Gene_406,8.828454879283738,0.04341171325333182,5.605418264989387,0.0009610047080467199,0.9899553864351957,0.9959309722688086
Gene_355,7.845150881901678,0.023965261563958954,22.154182676747425,0.00041995718567555684,0.9955992352486698,0.9995976257516764
Gene_367,5.11647597128584,0.008582960255421004,23.513100996093527,5.967179270416345e-05,0.9993736237376362,0.999794654474523
Gene_173,8.017031787814524,0.004115142394143336,1.5475101737088075,1.955853365853688e-05,0.999794654474523,0.999794654474523
