GeneID,P,TAU,PER,LAG,AMP,BH.Q,ADJ.P
Gene_001,2.1000851489802991e-10,0.9309152457409796,24.0,23,3.4907392042982908,2.4362749832793577e-09,2.4362749832793577e-09
Gene_004,1.0395729954940565e-10,0.9524384615716924,24.0,5,4.3778324140887195,2.4362749832793577e-09,2.4362749832793577e-09
Gene_007,1.479975788767971e-10,0.9416309244889763,24.0,2,4.113837512911869,2.4362749832793577e-09,2.4362749832793577e-09
Gene_005,2.1000851489802991e-10,0.9309152457409796,24.0,23,3.1546192306415923,2.4362749832793577e-09,2.4362749832793577e-09
Gene_008,1.718915156412046e-10,0.9397101912802235,24.0,4,3.686153852825709,2.4362749832793577e-09,2.4362749832793577e-09
Gene_013,1.9955852740508052e-10,0.9377855621628971,24.0,18,4.50038538846753,2.4362749832793577e-09,2.4362749832793577e-09
Gene_012,7.886181564317124e-11,0.9527335718130339,24.0,23,3.7942051882282173,2.4362749832793577e-09,2.4362749832793577e-09
Gene_009,6.420068899525025e-11,0.9616489506097228,24.0,20,4.787982056684303,2.4362749832793577e-09,2.4362749832793577e-09
Gene_053,2.2576114407258856e-10,0.9393555566178874,24.0,9,3.403340306585053,2.4362749832793577e-09,2.4362749832793577e-09
Gene_055,1.9955852740508052e-10,0.9377855621628971,24.0,5,4.910918353889363,2.4362749832793577e-09,2.4362749832793577e-09
Gene_060,1.0957317579545934e-10,0.9454607964556825,24.0,23,4.243007592064502,2.4362749832793577e-09,2.4362749832793577e-09
Gene_063,2.2576114407258856e-10,0.9393555566178874,24.0,9,4.407603144559676,2.4362749832793577e-09,2.4362749832793577e-09
Gene_056,1.718915156412046e-10,0.9397101912802235,24.0,20,4.47785318618482,2.4362749832793577e-09,2.4362749832793577e-09
Gene_020,1.1775286060222236e-10,0.9540905457413051,24.0,14,3.807218945879636,2.4362749832793577e-09,2.4362749832793577e-09
Gene_072,8.702056895577091e-11,0.9578771785500503,24.0,17,3.834594859590039,2.4362749832793577e-09,2.4362749832793577e-09
Gene_066,2.315804260481705e-10,0.9358570135259112,24.0,6,4.21951345040256,2.4362749832793577e-09,2.4362749832793577e-09
Gene_092,8.702056895577091e-11,0.9578771785500503,24.0,7,3.9975554213003734,2.4362749832793577e-09,2.4362749832793577e-09
Gene_091,2.315804260481705e-10,0.9358570135259112,24.0,6,3.0768059181303853,2.4362749832793577e-09,2.4362749832793577e-09
Gene_074,1.6324360528014734e-10,0.9467230511795963,24.0,14,3.5837491063334275,2.4362749832793577e-09,2.4362749832793577e-09
Gene_077,8.702056895577091e-11,0.9578771785500503,24.0,17,4.5281534707984346,2.4362749832793577e-09,2.4362749832793577e-09
Gene_069,1.012484615847923e-10,0.955985730690134,24.0,8,5.2920509626337235,2.4362749832793577e-09,2.4362749832793577e-09
Gene_089,1.5906910685497956e-10,0.9502888756712357,24.0,12,4.800077781612962,2.4362749832793577e-09,2.4362749832793577e-09
Gene_090,6.082550445960901e-11,0.968825534864723,24.0,14,4.286800847907682,2.4362749832793577e-09,2.4362749832793577e-09
Gene_094,8.473342268666959e-11,0.9614580403030141,24.0,14,4.927370765223921,2.4362749832793577e-09,2.4362749832793577e-09
Gene_070,1.7636912952833178e-10,0.9362617018825782,24.0,22,3.486576244385771,2.4362749832793577e-09,2.4362749832793577e-09
Gene_115,1.2737116179396278e-10,0.943547785165711,24.0,1,3.7824325094934963,2.4362749832793577e-09,2.4362749832793577e-09
Gene_127,1.5906910685497956e-10,0.9502888756712357,24.0,12,3.692251078834974,2.4362749832793577e-09,2.4362749832793577e-09
Gene_110,2.2007436854300293e-10,0.9428936315025879,24.0,12,5.1813666390803785,2.4362749832793577e-09,2.4362749832793577e-09
Gene_108,8.473342268666959e-11,0.9614580403030141,24.0,9,3.8244539590794853,2.4362749832793577e-09,2.4362749832793577e-09
Gene_112,1.6751704753888996e-10,0.9431970685339576,24.0,6,3.988803099482619,2.4362749832793577e-09,2.4362749832793577e-09
Gene_111,1.9955852740508052e-10,0.9377855621628971,24.0,5,4.6274691624080315,2.4362749832793577e-09,2.4362749832793577e-09
Gene_098,6.249237703335398e-11,0.9652172335580966,24.0,6,4.486465180586468,2.4362749832793577e-09,2.4362749832793577e-09
Gene_116,6.249237703335398e-11,0.9652172335580966,24.0,16,4.23982983602653,2.4362749832793577e-09,2.4362749832793577e-09
Gene_133,1.2408872387120262e-10,0.9470231110567232,24.0,3,5.258059044271105,2.4362749832793577e-09,2.4362749832793577e-09
Gene_130,1.9955852740508052e-10,0.9377855621628971,24.0,5,4.3793797330582365,2.4362749832793577e-09,2.4362749832793577e-09
Gene_146,2.0472322655496786e-10,0.934331459958054,24.0,21,3.8609254822251415,2.4362749832793577e-09,2.4362749832793577e-09
Gene_147,1.6324360528014734e-10,0.9467230511795963,24.0,9,5.212305605139024,2.4362749832793577e-09,2.4362749832793577e-09
Gene_148,1.2088316005112378e-10,0.9505371235420038,24.0,6,4.583332134648854,2.4362749832793577e-09,2.4362749832793577e-09
Gene_139,8.936363720248058e-11,0.9543360308332229,24.0,20,3.4410266006905363,2.4362749832793577e-09,2.4362749832793577e-09
Gene_121,8.702056895577091e-11,0.9578771785500503,24.0,7,4.90303695414975,2.4362749832793577e-09,2.4362749832793577e-09
Gene_030,2.375349495372238e-10,0.9323972715037236,24.0,19,4.589139480220348,2.4362749832793577e-09,2.4362749832793577e-09
Gene_034,1.6751704753888996e-10,0.9431970685339576,24.0,16,2.92684461241701,2.4362749832793577e-09,2.4362749832793577e-09
Gene_041,2.436274983279358e-10,0.9289756185994452,24.0,22,4.2284557128699065,2.4362749832793577e-09,2.4362749832793577e-09
Gene_035,8.25010023748681e-11,0.9650793640085311,24.0,12,4.846981113762372,2.4362749832793577e-09,2.4362749832793577e-09
Gene_052,1.8958113233777547e-10,0.9448102712875861,24.0,13,4.127570333739303,2.4362749832793577e-09,2.4362749832793577e-09
Gene_050,2.436274983279358e-10,0.9289756185994452,24.0,22,3.5303794855913075,2.4362749832793577e-09,2.4362749832793577e-09
Gene_024,1.6751704753888996e-10,0.9431970685339576,24.0,6,4.143245055105682,2.4362749832793577e-09,2.4362749832793577e-09
Gene_023,2.6647243685750817e-11,0.9854006762498305,24.0,15,4.9037889747105705,2.4362749832793577e-09,2.4362749832793577e-09
Gene_045,2.2007436854300293e-10,0.9428936315025879,24.0,11,3.8477509849722455,2.4362749832793577e-09,2.4362749832793577e-09
Gene_044,2.0472322655496786e-10,0.934331459958054,24.0,21,4.656874865247229,2.4362749832793577e-09,2.4362749832793577e-09
Gene_086,3.193703837202838e-10,0.9285169585178648,24.0,7,4.549698840349369,2.518886029842505e-09,2.518886029842505e-09
Gene_014,2.8250842107610137e-10,0.9270319954271317,24.0,2,2.383748524193638,2.518886029842505e-09,2.518886029842505e-09
Gene_038,3.193703837202838e-10,0.9285169585178648,24.0,6,4.022323007407726,2.518886029842505e-09,2.518886029842505e-09
Gene_039,2.7548849263037277e-10,0.9304591124584994,24.0,5,4.607277385532716,2.518886029842505e-09,2.518886029842505e-09
Gene_031,3.274551838795257e-10,0.9250843517272238,24.0,20,4.882440829023361,2.518886029842505e-09,2.518886029842505e-09
Gene_032,3.193703837202838e-10,0.9285169585178648,24.0,6,4.530513576430769,2.518886029842505e-09,2.518886029842505e-09
Gene_118,3.274551838795257e-10,0.9250843517272238,24.0,4,2.804659936171238,2.518886029842505e-09,2.518886029842505e-09
Gene_059,3.1146614306694886e-10,0.9319880620561783,24.0,14,3.8445181530326407,2.518886029842505e-09,2.518886029842505e-09
Gene_006,2.686264693055917e-10,0.9339245215203617,24.0,8,4.861288884195127,2.518886029842505e-09,2.518886029842505e-09
Gene_104,3.0373887938881176e-10,0.9354983873339401,24.0,11,4.201944605588363,2.518886029842505e-09,2.518886029842505e-09
Gene_113,3.274551838795257e-10,0.9250843517272238,24.0,3,2.818586806583441,2.518886029842505e-09,2.518886029842505e-09
Gene_128,2.8250842107610137e-10,0.9270319954271317,24.0,21,3.8246509245953586,2.518886029842505e-09,2.518886029842505e-09
Gene_138,3.274551838795257e-10,0.9250843517272238,24.0,20,3.2610433531443213,2.518886029842505e-09,2.518886029842505e-09
Gene_136,3.0373887938881176e-10,0.9354983873339401,24.0,12,4.650196598565904,2.518886029842505e-09,2.518886029842505e-09
Gene_042,3.274551838795257e-10,0.9250843517272238,24.0,4,4.503137412451673,2.518886029842505e-09,2.518886029842505e-09
Gene_126,3.357241884514718e-10,0.9216895353163123,24.0,22,3.973250910265138,2.5433650640263012e-09,2.5433650640263012e-09
Gene_047,3.60983756034239e-10,0.9300476107987176,24.0,10,4.634977379362261,2.693908627121187e-09,2.693908627121187e-09
Gene_088,4.393773962594636e-10,0.9211769035098184,24.0,6,2.676773206429264,2.7461087266216476e-09,2.7461087266216476e-09
Gene_085,4.393773962594636e-10,0.9211769035098184,24.0,16,3.5695637993209135,2.7461087266216476e-09,2.7461087266216476e-09
Gene_003,3.8890880375754593e-10,0.9197325308962094,24.0,2,4.46273269771547,2.7461087266216476e-09,2.7461087266216476e-09
Gene_129,4.181950951895034e-10,0.9281031431652923,24.0,12,4.129764396172648,2.7461087266216476e-09,2.7461087266216476e-09
Gene_117,4.286683776236441e-10,0.9246205674944694,24.0,9,3.7440092440164245,2.7461087266216476e-09,2.7461087266216476e-09
Gene_135,3.793913382501596e-10,0.9231326627541019,24.0,5,2.9058036943593146,2.7461087266216476e-09,2.7461087266216476e-09
Gene_141,3.986409642521349e-10,0.9163696950262769,24.0,0,2.7539846684883993,2.7461087266216476e-09,2.7461087266216476e-09
Gene_067,4.393773962594636e-10,0.9211769035098184,24.0,6,2.327689111476506,2.7461087266216476e-09,2.7461087266216476e-09
Gene_078,4.393773962594636e-10,0.9211769035098184,24.0,6,4.073465672516377,2.7461087266216476e-09,2.7461087266216476e-09
Gene_079,4.393773962594636e-10,0.9211769035098184,24.0,7,4.995696478440276,2.7461087266216476e-09,2.7461087266216476e-09
Gene_019,4.181950951895034e-10,0.9281031431652923,24.0,12,3.305647240517848,2.7461087266216476e-09,2.7461087266216476e-09
Gene_058,4.393773962594636e-10,0.9211769035098184,24.0,6,4.507756156453647,2.7461087266216476e-09,2.7461087266216476e-09
Gene_037,3.793913382501596e-10,0.9231326627541019,24.0,5,4.690098395164442,2.7461087266216476e-09,2.7461087266216476e-09
Gene_119,4.6152143735206466e-10,0.9144034520331793,24.0,22,3.058377530409039,2.747151412809909e-09,2.747151412809909e-09
Gene_105,4.6152143735206466e-10,0.9144034520331793,24.0,22,4.5472945482794245,2.747151412809909e-09,2.747151412809909e-09
Gene_051,4.6152143735206466e-10,0.9144034520331793,24.0,1,3.1667522502341767,2.747151412809909e-09,2.747151412809909e-09
Gene_082,4.5032683000151847e-10,0.917771431950724,24.0,20,5.154675218434593,2.747151412809909e-09,2.747151412809909e-09
Gene_017,4.963139166178419e-10,0.9226662805542832,24.0,13,3.8694848618571633,2.919493627163776e-09,2.919493627163776e-09
Gene_145,5.212216733480679e-10,0.9158062130497042,24.0,5,2.9527850569709564,2.9282116480228533e-09,2.9282116480228533e-09
Gene_142,5.212216733480679e-10,0.9158062130497042,24.0,18,4.8153130116209,2.9282116480228533e-09,2.9282116480228533e-09
Gene_083,5.086305676851989e-10,0.9192170487405135,24.0,8,2.8964984239733944,2.9282116480228533e-09,2.9282116480228533e-09
Gene_027,5.212216733480679e-10,0.9158062130497042,24.0,5,4.2995068446350855,2.9282116480228533e-09,2.9282116480228533e-09
Gene_100,5.885472533528215e-10,0.9172530729327606,24.0,14,4.618220865109872,2.999083021864022e-09,2.999083021864022e-09
Gene_134,6.030195523729453e-10,0.913836848501772,24.0,6,2.421118618009369,2.999083021864022e-09,2.999083021864022e-09
Gene_103,5.885472533528215e-10,0.9172530729327606,24.0,14,2.942163917458611,2.999083021864022e-09,2.999083021864022e-09
Gene_150,6.178111025039885e-10,0.9104585121742242,24.0,4,4.112405701831054,2.999083021864022e-09,2.999083021864022e-09
Gene_137,6.030195523729453e-10,0.913836848501772,24.0,6,3.3594019644446074,2.999083021864022e-09,2.999083021864022e-09
Gene_068,6.178111025039885e-10,0.9104585121742242,24.0,19,3.4248469145254297,2.999083021864022e-09,2.999083021864022e-09
Gene_080,5.885472533528215e-10,0.9172530729327606,24.0,9,3.180879081092063,2.999083021864022e-09,2.999083021864022e-09
Gene_096,6.030195523729453e-10,0.913836848501772,24.0,16,4.79816093569086,2.999083021864022e-09,2.999083021864022e-09
Gene_076,6.178111025039885e-10,0.9104585121742242,24.0,19,2.906911219753699,2.999083021864022e-09,2.999083021864022e-09
Gene_106,6.030195523729453e-10,0.913836848501772,24.0,16,3.1439657146886484,2.999083021864022e-09,2.999083021864022e-09
Gene_043,6.030195523729453e-10,0.913836848501772,24.0,16,2.925406294580184,2.999083021864022e-09,2.999083021864022e-09
Gene_048,6.030195523729453e-10,0.913836848501772,24.0,7,3.7260637579442086,2.999083021864022e-09,2.999083021864022e-09
Gene_016,5.472488829626715e-10,0.9090969196689254,24.0,0,4.49142014440237,2.999083021864022e-09,2.999083021864022e-09
Gene_101,6.030195523729453e-10,0.913836848501772,24.0,6,3.102543129453166,2.999083021864022e-09,2.999083021864022e-09
Gene_073,6.329280979188511e-10,0.9071173687500466,24.0,1,3.2749485389715556,3.0429235476867844e-09,3.0429235476867844e-09
Gene_097,6.807286663547461e-10,0.915284950309849,24.0,10,3.214510400418591,3.1809750764240473e-09,3.1809750764240473e-09
Gene_140,6.807286663547461e-10,0.915284950309849,24.0,10,3.902379804211877,3.1809750764240473e-09,3.1809750764240473e-09
Gene_093,6.807286663547461e-10,0.915284950309849,24.0,10,3.100549204184442,3.1809750764240473e-09,3.1809750764240473e-09
Gene_099,6.973556023180174e-10,0.9118633123505893,24.0,8,2.8889175667879123,3.2284981588797103e-09,3.2284981588797103e-09
Gene_102,7.494487182717447e-10,0.901824144311574,24.0,0,2.41966500393709,3.3457532065702887e-09,3.3457532065702887e-09
Gene_022,7.317085687833367e-10,0.9051336018343648,24.0,2,2.908070815584968,3.3457532065702887e-09,3.3457532065702887e-09
Gene_036,7.494487182717447e-10,0.901824144311574,24.0,23,4.648345817323359,3.3457532065702887e-09,3.3457532065702887e-09
Gene_057,7.494487182717447e-10,0.901824144311574,24.0,0,3.765382753831517,3.3457532065702887e-09,3.3457532065702887e-09
Gene_084,7.870100010234473e-10,0.9133126548279968,24.0,11,2.9479868393001127,3.4517982501028387e-09,3.4517982501028387e-09
Gene_132,7.870100010234473e-10,0.9133126548279968,24.0,11,4.165568859989591,3.4517982501028387e-09,3.4517982501028387e-09
Gene_026,9.766686458522963e-10,0.901153313640909,24.0,5,4.354389878172626,4.246385416749114e-09,4.246385416749114e-09
Gene_075,1.0000294969170316e-09,0.8978341373034425,24.0,21,3.657001644502492,4.310471969469964e-09,4.310471969469964e-09
Gene_040,1.0238901850412854e-09,0.8945513689542226,24.0,23,4.901659983416419,4.3755990813730145e-09,4.3755990813730145e-09
Gene_107,1.1276438685424154e-09,0.8991567384856793,24.0,16,3.8904620396931007,4.583918164806567e-09,4.583918164806567e-09
Gene_028,1.1276438685424154e-09,0.8991567384856793,24.0,6,2.3151513796177046,4.583918164806567e-09,4.583918164806567e-09
Gene_054,1.1014133762845137e-09,0.9025180838093426,24.0,9,2.948541714861721,4.583918164806567e-09,4.583918164806567e-09
Gene_122,1.1276438685424154e-09,0.8991567384856793,24.0,17,2.9662845207734687,4.583918164806567e-09,4.583918164806567e-09
Gene_144,1.1014133762845137e-09,0.9025180838093426,24.0,9,2.548862189528219,4.583918164806567e-09,4.583918164806567e-09
Gene_131,1.1014133762845137e-09,0.9025180838093426,24.0,14,4.931238396087652,4.583918164806567e-09,4.583918164806567e-09
Gene_095,1.1544327720097026e-09,0.8958326726212246,24.0,4,2.6434668768546166,4.654970854877833e-09,4.654970854877833e-09
Gene_018,1.1817904901621088e-09,0.8925452021837806,24.0,1,2.7902628750153786,4.727161960648435e-09,4.727161960648435e-09
Gene_065,1.3013967182137592e-09,0.8971558395707411,24.0,8,2.6738019168049827,5.164272691324441e-09,5.164272691324441e-09
Gene_071,1.3634553942483478e-09,0.8905346727725202,24.0,21,3.6082747803280166,5.325997633782609e-09,5.325997633782609e-09
Gene_064,1.3634553942483478e-09,0.8905346727725202,24.0,21,2.7000400729346707,5.325997633782609e-09,5.325997633782609e-09
Gene_120,1.5012747027204723e-09,0.8951505892476338,24.0,9,2.947952173838416,5.818894196590978e-09,5.818894196590978e-09
Gene_149,1.7311034746512892e-09,0.8931409595765462,24.0,10,2.738986177588247,6.6580902871203435e-09,6.6580902871203435e-09
Gene_046,1.8125106834793875e-09,0.8865004142321137,24.0,5,2.5159443414492957,6.917979707936593e-09,6.917979707936593e-09
Gene_109,1.854483062631231e-09,0.8832352082415978,24.0,21,2.431516189525351,7.0245570554213304e-09,7.0245570554213304e-09
Gene_061,1.897321675635684e-09,0.8800058182395197,24.0,23,3.4861249698443384,7.132788254269489e-09,7.132788254269489e-09
Gene_049,1.995253028258971e-09,0.8911269223220536,24.0,11,2.5111335045844076,7.4449739860409365e-09,7.4449739860409365e-09
Gene_123,2.088426277863342e-09,0.8844766284695866,24.0,17,2.61800609405753,7.621993714829716e-09,7.621993714829716e-09
Gene_002,2.088426277863342e-09,0.8844766284695866,24.0,16,2.6539252451932143,7.621993714829716e-09,7.621993714829716e-09
Gene_021,2.088426277863342e-09,0.8844766284695866,24.0,7,3.9916323243424388,7.621993714829716e-09,7.621993714829716e-09
Gene_062,2.1854646106875195e-09,0.8779730356175148,24.0,1,3.210599993552502,7.918350038722896e-09,7.918350038722896e-09
Gene_143,2.9612683772181737e-09,0.8706869523343819,24.0,1,2.6452680620933426,1.065204452236753e-08,1.065204452236753e-08
Gene_025,3.258198478963968e-09,0.8750946304009688,24.0,8,2.1080855586448464,1.1636423139157028e-08,1.1636423139157028e-08
Gene_081,3.665145187874054e-09,0.8763364339847581,24.0,12,2.7097917484564227,1.2996968751326433e-08,1.2996968751326433e-08
Gene_010,4.002830095749928e-09,0.8634008690512491,24.0,1,2.614448417975364,1.4094472168133549e-08,1.4094472168133549e-08
Gene_087,4.307486743635335e-09,0.8709969688432434,24.0,10,2.181070781914925,1.5061142460263407e-08,1.5061142460263407e-08
Gene_114,5.1693240464059934e-09,0.8624564634454476,24.0,17,2.4625266489182938,1.7949041827798587e-08,1.7949041827798587e-08
Gene_015,7.814730781368294e-09,0.8562343083543749,24.0,13,2.359090905295058,2.6947347521959633e-08,2.6947347521959633e-08
Gene_029,7.982078798974561e-09,0.8530334212311965,24.0,15,2.507879585245303,2.7335886297858085e-08,2.7335886297858085e-08
Gene_033,8.503304295462505e-09,0.8436419414527628,24.0,0,2.2373649027046096,2.892280372606294e-08,2.892280372606294e-08
Gene_125,1.2265052766321058e-08,0.8435781273156714,24.0,14,2.6255384412082576,4.1435989075408975e-08,4.1435989075408975e-08
Gene_011,1.707624704625565e-08,0.8300163946327265,24.0,3,2.1935427608139246,5.7302842437099503e-08,5.7302842437099503e-08
Gene_124,1.8753888930645026e-08,0.8340903176210721,24.0,13,2.3111881474741263,6.251296310215009e-08,6.251296310215009e-08
Gene_414,0.0008558746184675792,0.4945491263770959,24.0,13,1.5328868946053271,0.0028340219154555603,0.0028340219154555603
Gene_281,0.0013520281264824375,0.47168332558423665,24.0,3,1.3158450194854043,0.0044474609423764385,0.0044474609423764385
Gene_332,0.0018883742278183273,0.45875343800289764,24.0,16,1.5490728752915892,0.006171157607249436,0.006171157607249436
Gene_232,0.0024617748185744226,0.4436392967984356,24.0,23,2.005982950534736,0.00799277538498189,0.00799277538498189
Gene_402,0.00340358650326262,0.4290937460837328,24.0,23,1.918437373206281,0.010908931100200706,0.010908931100200706
Gene_410,0.00340358650326262,0.4290937460837328,24.0,23,1.3629130160423837,0.010908931100200706,0.010908931100200706
Gene_364,0.004277951141472413,0.42049288714873806,24.0,19,1.3614489822205014,0.013624048221249723,0.013624048221249723
Gene_201,0.004612265685459406,0.4176076331506651,24.0,5,1.6002605781316963,0.014595777485631033,0.014595777485631033
Gene_235,0.004997129063746849,0.4131799673722383,24.0,4,1.9861158385088298,0.015616028324208903,0.015616028324208903
Gene_496,0.004997129063746849,0.4131799673722383,24.0,3,1.4566967403934918,0.015616028324208903,0.015616028324208903
Gene_310,0.005854283711902573,0.4043776222138762,24.0,22,1.6222442013639564,0.01818100531646762,0.01818100531646762
Gene_457,0.006738045618159047,0.4000329979385267,24.0,17,2.470899954538794,0.02054282200658246,0.02054282200658246
Gene_477,0.006738045618159047,0.4000329979385267,24.0,16,1.5504022844644063,0.02054282200658246,0.02054282200658246
Gene_329,0.006738045618159047,0.4000329979385267,24.0,6,1.6482152676523127,0.02054282200658246,0.02054282200658246
Gene_440,0.007895084807946012,0.3898054556476103,24.0,1,1.8430286265582851,0.02392449941801822,0.02392449941801822
Gene_349,0.008394873365987762,0.3897480286659777,24.0,15,1.5010816419552802,0.025285763150565545,0.025285763150565545
Gene_377,0.009051868062299072,0.38535288792243405,24.0,17,1.8550887805326783,0.027067249117194464,0.027067249117194464
Gene_185,0.009094595703377341,0.38392828826623915,24.0,4,2.210191041557011,0.027067249117194464,0.027067249117194464
Gene_178,0.009844425167290857,0.37818431858227297,24.0,23,1.3115875288440906,0.029125518246422653,0.029125518246422653
Gene_363,0.011253338995959919,0.3736489349242793,24.0,18,1.6190149170376404,0.03309805587047035,0.03309805587047035
Gene_261,0.013916102599853195,0.36198952893673975,24.0,3,1.31310496921492,0.04021994971055837,0.04021994971055837
Gene_299,0.013857314537425667,0.3633327228982949,24.0,7,1.2967951015665289,0.04021994971055837,0.04021994971055837
Gene_171,0.013916102599853195,0.36198952893673975,24.0,19,1.45531017295668,0.04021994971055837,0.04021994971055837
Gene_497,0.014754720429722727,0.36168518197727906,24.0,10,1.807278628450446,0.0423986219244906,0.0423986219244906
Gene_298,0.015002095607918518,0.3563659925102188,24.0,0,2.3145127794543683,0.042863130308338625,0.042863130308338625
Gene_426,0.01596404681907485,0.35467660916023996,24.0,4,1.359463251506508,0.045096177455013695,0.045096177455013695
Gene_192,0.01596404681907485,0.35467660916023996,24.0,20,2.0246001328356593,0.045096177455013695,0.045096177455013695
Gene_323,0.017118239704790133,0.35037429748427024,24.0,2,1.946157243623424,0.048084942990983516,0.048084942990983516
Gene_313,0.01957016907984471,0.34307483295334795,24.0,21,1.4369334348568952,0.054361580777346416,0.054361580777346416
Gene_441,0.019494917747093544,0.34434313610668876,24.0,5,1.3395722731225082,0.054361580777346416,0.054361580777346416
Gene_483,0.02071038688527187,0.34258849711946476,24.0,9,1.4282011245200956,0.05689666726723041,0.05689666726723041
Gene_266,0.020631799027669914,0.34387885384212025,24.0,12,1.6466088926371185,0.05689666726723041,0.05689666726723041
Gene_413,0.020867905477515485,0.34005076960724034,24.0,4,1.929170854718918,0.05701613518446854,0.05701613518446854
Gene_461,0.022406205432909918,0.3345476664381646,24.0,0,2.2610224414499402,0.06023173503470408,0.06023173503470408
Gene_221,0.022240874228553253,0.33701668640229115,24.0,5,2.4117243624827074,0.06023173503470408,0.06023173503470408
Gene_220,0.022323483225956234,0.33577536842242567,24.0,2,1.7686961433164008,0.06023173503470408,0.06023173503470408
Gene_272,0.02360635163568346,0.3352210025577559,24.0,9,1.721875149031073,0.062450665702866295,0.062450665702866295
Gene_339,0.023520176163329347,0.3364836096734725,24.0,11,1.966203093986429,0.062450665702866295,0.062450665702866295
Gene_498,0.023520176163329347,0.3364836096734725,24.0,11,2.1291747906379377,0.062450665702866295,0.062450665702866295
Gene_212,0.02522688318333431,0.33091813754658483,24.0,15,1.8016969979775022,0.06627536955751646,0.06627536955751646
Gene_162,0.02531719117097129,0.3296902366978935,24.0,5,1.3981514165547244,0.06627536955751646,0.06627536955751646
Gene_242,0.025498141965481984,0.32727489108081315,24.0,0,1.1815247263229542,0.06640141136844267,0.06640141136844267
Gene_411,0.026847396037982484,0.32785350799604696,24.0,9,1.9123840243868004,0.06908134184096501,0.06908134184096501
Gene_239,0.026941723317976354,0.3266324478580631,24.0,16,1.8231541423346243,0.06908134184096501,0.06908134184096501
Gene_333,0.026847396037982484,0.32785350799604696,24.0,14,1.284996870083213,0.06908134184096501,0.06908134184096501
Gene_231,0.027130708992259053,0.32423070609941423,24.0,1,1.738899796294132,0.06921099232719145,0.06921099232719145
Gene_295,0.028853788793347705,0.32117643936058105,24.0,2,1.407300110997853,0.07249695676720529,0.07249695676720529
Gene_199,0.0286565450214003,0.32356440115666074,24.0,15,2.2014972527391743,0.07249695676720529,0.07249695676720529
Gene_420,0.028755112636401885,0.3223637869934959,24.0,18,2.2098354095867867,0.07249695676720529,0.07249695676720529
Gene_186,0.030362974804380976,0.321693121336177,24.0,12,1.3273167316049581,0.07590743701095244,0.07590743701095244
Gene_436,0.03077441926186492,0.3169446228162813,24.0,22,2.1767041699781036,0.07655328174593264,0.07655328174593264
Gene_311,0.032480404891666474,0.31621066476673665,24.0,8,1.5161468331662968,0.08039704181105563,0.08039704181105563
Gene_259,0.03460683192576207,0.3119523378419704,24.0,16,1.6671116539370199,0.08440690713600504,0.08440690713600504
Gene_195,0.0344951165520196,0.3131185188726291,24.0,14,1.6269591924879512,0.08440690713600504,0.08440690713600504
Gene_472,0.03460683192576207,0.3119523378419704,24.0,7,1.3689470273096873,0.08440690713600504,0.08440690713600504
Gene_473,0.03673324208479358,0.3088569283768125,24.0,8,1.6948139454373545,0.08830106270383073,0.08830106270383073
Gene_393,0.03661696865948041,0.31001587026623917,24.0,13,1.8949729159510644,0.08830106270383073,0.08830106270383073
Gene_387,0.03673324208479358,0.3088569283768125,24.0,8,1.394359398987787,0.08830106270383073,0.08830106270383073
Gene_282,0.03909237883414274,0.30461228283392405,24.0,7,1.8765189275544545,0.0920504705056098,0.0920504705056098
Gene_285,0.03909237883414274,0.30461228283392405,24.0,7,1.709934943192862,0.0920504705056098,0.0920504705056098
Gene_444,0.03921350043538978,0.30348617072474143,24.0,19,2.1612327358971486,0.0920504705056098,0.0920504705056098
Gene_488,0.03897135126337883,0.3057510243109202,24.0,14,1.7898228468940731,0.0920504705056098,0.0920504705056098
Gene_233,0.03909237883414274,0.30461228283392405,24.0,16,2.262103506826228,0.0920504705056098,0.0920504705056098
Gene_338,0.04182938377210966,0.29818378965140757,24.0,0,1.6760203737117867,0.09773220507502256,0.09773220507502256
Gene_485,0.046944726978481795,0.29197858123689185,24.0,21,1.5445927556963008,0.1091737836708879,0.1091737836708879
Gene_194,0.049274052757814366,0.292112144661586,24.0,11,1.8654451126446747,0.11326632730265133,0.11326632730265133
Gene_297,0.049837184013166586,0.2878002896837497,24.0,1,1.6828170813727312,0.11326632730265133,0.11326632730265133
Gene_196,0.04969628967646118,0.2888603311717418,24.0,19,1.4651063640792736,0.11326632730265133,0.11326632730265133
Gene_374,0.04969628967646118,0.2888603311717418,24.0,3,2.2057421334307574,0.11326632730265133,0.11326632730265133
Gene_197,0.0495554693770837,0.2899321728178313,24.0,6,2.016912236290044,0.11326632730265133,0.11326632730265133
Gene_494,0.052291900055741386,0.28787187953293636,24.0,10,1.8053322680990127,0.11830746618946016,0.11830746618946016
Gene_446,0.052875674491571094,0.2836382389367047,24.0,0,1.7591272013226282,0.1185553239721325,0.1185553239721325
Gene_369,0.052729628765175465,0.28467911670596957,24.0,21,1.405214935536487,0.1185553239721325,0.1185553239721325
Gene_348,0.055460747099839995,0.2836485406257934,24.0,14,1.6164976315069017,0.12303500185132824,0.12303500185132824
Gene_312,0.055611820836800364,0.28259211780978494,24.0,17,2.4266487488198214,0.12303500185132824,0.12303500185132824
Gene_409,0.055611820836800364,0.28259211780978494,24.0,16,1.6669235215118925,0.12303500185132824,0.12303500185132824
Gene_165,0.05909866851003077,0.2773796521750473,24.0,21,1.9580943700680677,0.1299454809028612,0.1299454809028612
Gene_291,0.059255139291704714,0.2763654635793533,24.0,23,2.1909631062471133,0.1299454809028612,0.1299454809028612
Gene_490,0.06211102417172348,0.2762810460640845,24.0,14,1.634649800538793,0.13420834919485455,0.13420834919485455
Gene_453,0.06227267402641252,0.2752520628017386,24.0,6,1.7501892171068185,0.13420834919485455,0.13420834919485455
Gene_471,0.06227267402641252,0.2752520628017386,24.0,6,2.133831874187365,0.13420834919485455,0.13420834919485455
Gene_435,0.06211102417172348,0.2762810460640845,24.0,9,1.5970459021672085,0.13420834919485455,0.13420834919485455
Gene_271,0.06259611586191721,0.2732281231174839,24.0,22,1.541876677885675,0.13432642888823437,0.13432642888823437
Gene_478,0.06609355542809922,0.27008018764412495,24.0,2,1.727975659931354,0.1412255457865368,0.1412255457865368
Gene_419,0.06958028530973291,0.26791200779369223,24.0,17,2.0860275110628654,0.14679385086441543,0.14679385086441543
Gene_455,0.06958028530973291,0.26791200779369223,24.0,16,1.7705132573287274,0.14679385086441543,0.14679385086441543
Gene_487,0.06958028530973291,0.26791200779369223,24.0,7,1.6771670121028541,0.14679385086441543,0.14679385086441543
Gene_163,0.06992521130793378,0.265942039834351,24.0,22,1.5264705368318725,0.1469017044284323,0.1469017044284323
Gene_407,0.07340111553619487,0.2647345100372679,24.0,8,2.285277238725307,0.15291899070040596,0.15291899070040596
Gene_262,0.07340111553619487,0.2647345100372679,24.0,8,2.034221507562577,0.15291899070040596,0.15291899070040596
Gene_401,0.07794432138976262,0.25865595655121804,24.0,22,1.1795615467975447,0.15972197006098898,0.15972197006098898
Gene_322,0.0772110637439654,0.262531167986995,24.0,11,2.4313560977255007,0.15972197006098898,0.15972197006098898
Gene_264,0.07776098767426094,0.25960865206574263,24.0,20,1.844516587763425,0.15972197006098898,0.15972197006098898
Gene_491,0.07794432138976262,0.25865595655121804,24.0,22,1.7157145798515532,0.15972197006098898,0.15972197006098898
Gene_470,0.0817542153292479,0.2573807736473438,24.0,15,1.3742077510527835,0.16684533740662835,0.16684533740662835
Gene_399,0.08213177861875912,0.25548125858228043,24.0,21,2.122823455398942,0.16693450938772178,0.16693450938772178
Gene_254,0.08611407166136108,0.25417856237895775,24.0,9,1.7712375536237843,0.17361707996242154,0.17361707996242154
Gene_479,0.08611407166136108,0.25417856237895775,24.0,14,1.8779949690860898,0.17361707996242154,0.17361707996242154
Gene_227,0.08650256911291396,0.25229573228924285,24.0,4,2.0949886519912964,0.1736999379777389,0.1736999379777389
Gene_489,0.09066270573341557,0.25096522831076506,24.0,10,1.5406337192971824,0.18132541146683115,0.18132541146683115
Gene_328,0.09146151094249551,0.2472743621499477,24.0,0,1.2254194940307637,0.18147125187003077,0.18147125187003077
Gene_326,0.09126183657556923,0.24818179405135807,24.0,21,1.8318752908422722,0.18147125187003077,0.18147125187003077
Gene_467,0.10119060435372222,0.2408823295204358,24.0,2,1.5444466009781737,0.19919410305850832,0.19919410305850832
Gene_187,0.10119060435372222,0.2408823295204358,24.0,21,1.4369022549219994,0.19919410305850832,0.19919410305850832
Gene_425,0.105712196487954,0.2403454354810518,24.0,12,1.2496337518949776,0.20416853434697094,0.20416853434697094
Gene_153,0.10614418959793027,0.2385517877615068,24.0,7,1.3247601456818403,0.20416853434697094,0.20416853434697094
Gene_366,0.10636010841251087,0.23766989273624328,24.0,4,1.5301960799491794,0.20416853434697094,0.20416853434697094
Gene_421,0.10614418959793027,0.2385517877615068,24.0,16,2.173392060129981,0.20416853434697094,0.20416853434697094
Gene_451,0.10657597492911883,0.23679770670181938,24.0,22,1.9179379896298379,0.20416853434697094,0.20416853434697094
Gene_274,0.105712196487954,0.2403454354810518,24.0,12,1.815231475648598,0.20416853434697094,0.20416853434697094
Gene_170,0.10614418959793027,0.2385517877615068,24.0,7,1.731174527489036,0.20416853434697094,0.20416853434697094
Gene_359,0.11218249335075398,0.2327288114352449,24.0,23,1.7340642544055034,0.21086934840367288,0.21086934840367288
Gene_213,0.11174015056009387,0.23444639054072428,24.0,5,2.365276555852662,0.21086934840367288,0.21086934840367288
Gene_218,0.11151888256741678,0.23531956447757144,24.0,8,2.049566994669326,0.21086934840367288,0.21086934840367288
Gene_275,0.11196135426374823,0.2335828649895135,24.0,2,1.7424039522807258,0.21086934840367288,0.21086934840367288
Gene_324,0.11129755061555323,0.23620256782189653,24.0,13,1.7180313571065366,0.21086934840367288,0.21086934840367288
Gene_428,0.11710955694191066,0.23207607869383098,24.0,14,2.1264775059218595,0.21416185923939965,0.21416185923939965
Gene_340,0.11733612222250059,0.2312117327534604,24.0,6,2.267193072198321,0.21416185923939965,0.21416185923939965
Gene_286,0.11688291533288278,0.23295019131240405,24.0,11,1.733726853044748,0.21416185923939965,0.21416185923939965
Gene_476,0.11710955694191066,0.23207607869383098,24.0,14,2.129425579025482,0.21416185923939965,0.21416185923939965
Gene_238,0.11756261086993114,0.23035697295974347,24.0,20,1.6569451223968183,0.21416185923939965,0.21416185923939965
Gene_240,0.11733612222250059,0.2312117327534604,24.0,6,1.9654634731425027,0.21416185923939965,0.21416185923939965
Gene_303,0.11778902258166982,0.22951162341868647,24.0,22,1.619245346228022,0.21416185923939965,0.21416185923939965
Gene_277,0.11733612222250059,0.2312117327534604,24.0,6,1.804626263374632,0.21416185923939965,0.21416185923939965
Gene_268,0.11756261086993114,0.23035697295974347,24.0,19,2.1016535399915965,0.21416185923939965,0.21416185923939965
Gene_321,0.1231533746362993,0.22796582808764732,24.0,8,2.3797052056424945,0.22033050712321842,0.22033050712321842
Gene_452,0.1231533746362993,0.22796582808764732,24.0,8,1.5595881248681094,0.22033050712321842,0.22033050712321842
Gene_154,0.1229215759760987,0.22882123757746226,24.0,10,1.6156418508109454,0.22033050712321842,0.22033050712321842
Gene_418,0.12338508398900232,0.22711994083632664,24.0,18,1.9048670618759336,0.22033050712321842,0.22033050712321842
Gene_214,0.1231533746362993,0.22796582808764732,24.0,15,2.087733883701797,0.22033050712321842,0.22033050712321842
Gene_202,0.12384823367315197,0.2254560360778935,24.0,0,1.8262793361428709,0.22037052255009246,0.22037052255009246
Gene_481,0.1299074597737811,0.22222554013555354,24.0,22,1.667921224187337,0.224753390612078,0.224753390612078
Gene_403,0.12967081161192484,0.2230440531832437,24.0,19,1.4722834063765897,0.224753390612078,0.224753390612078
Gene_416,0.12943406067378935,0.22387167774541403,24.0,16,1.633021862303167,0.224753390612078,0.224753390612078
Gene_424,0.1291972072030065,0.22470858413212205,24.0,14,1.3323569481711028,0.224753390612078,0.224753390612078
Gene_458,0.12896025144530687,0.2255549471437563,24.0,11,1.6529646270974094,0.224753390612078,0.224753390612078
Gene_278,0.1299074597737811,0.22222554013555354,24.0,22,1.786169012398588,0.224753390612078,0.224753390612078
Gene_164,0.1299074597737811,0.22222554013555354,24.0,22,1.80528560877117,0.224753390612078,0.224753390612078
Gene_256,0.12943406067378935,0.22387167774541403,24.0,6,2.1347277443429857,0.224753390612078,0.224753390612078
Gene_305,0.13619823294754493,0.2189839359276689,24.0,21,1.9862899433419967,0.22969662182060702,0.22969662182060702
Gene_290,0.1359565563534608,0.21979349113192903,24.0,18,1.9605970042491356,0.22969662182060702,0.22969662182060702
Gene_454,0.13643979336144058,0.21818326072054212,24.0,23,2.0062859229282375,0.22969662182060702,0.22969662182060702
Gene_205,0.1359565563534608,0.21979349113192903,24.0,5,2.185667995278748,0.22969662182060702,0.22969662182060702
Gene_484,0.13547285546678137,0.221439907333028,24.0,10,1.759109460896377,0.22969662182060702,0.22969662182060702
Gene_400,0.1357147637891947,0.22061209169772322,24.0,15,1.436152299569612,0.22969662182060702,0.22969662182060702
Gene_462,0.13643979336144058,0.21818326072054212,24.0,23,1.6179960604024552,0.22969662182060702,0.22969662182060702
Gene_190,0.1359565563534608,0.21979349113192903,24.0,18,2.075638789894103,0.22969662182060702,0.22969662182060702
Gene_456,0.14247907135213234,0.21653162273736767,24.0,7,1.7111704681024236,0.23515155647688335,0.23515155647688335
Gene_307,0.14223233965895346,0.21734108957041312,24.0,9,2.0240939036493617,0.23515155647688335,0.23515155647688335
Gene_209,0.1419854787360563,0.21815970297510853,24.0,11,1.7903005000083745,0.23515155647688335,0.23515155647688335
Gene_432,0.14223233965895346,0.21734108957041312,24.0,9,1.7296188240936807,0.23515155647688335,0.23515155647688335
Gene_375,0.1427256736372559,0.21573113340674388,24.0,19,1.8687213667781792,0.23515155647688335,0.23515155647688335
Gene_486,0.1419854787360563,0.21815970297510853,24.0,11,1.7383805088108861,0.23515155647688335,0.23515155647688335
Gene_404,0.14297214633794508,0.21493945685242064,24.0,1,1.7537460064725994,0.23515155647688335,0.23515155647688335
Gene_293,0.14899184538145677,0.21405857708859372,24.0,13,1.8863958396496052,0.24424892685484714,0.24424892685484714
Gene_343,0.1499972068457107,0.2109104853631907,24.0,23,1.6776766717612093,0.2442951251558806,0.2442951251558806
Gene_381,0.1499972068457107,0.2109104853631907,24.0,23,2.6011491414654997,0.2442951251558806,0.2442951251558806
Gene_356,0.15599823583977407,0.2107644588064608,24.0,11,1.8924898279178608,0.2524474136011595,0.2524474136011595
Gene_315,0.1570222912599212,0.20765337356928776,24.0,1,2.0206606706912185,0.2524474136011595,0.2524474136011595
Gene_382,0.1570222912599212,0.20765337356928776,24.0,1,1.4586429849103988,0.2524474136011595,0.2524474136011595
Gene_450,0.15651057752952083,0.20919156772932132,24.0,17,1.9105341630629586,0.2524474136011595,0.2524474136011595
Gene_439,0.163777780744347,0.205904618917875,24.0,8,2.0802196416493377,0.26204191621064754,0.26204191621064754
Gene_152,0.16403823954786534,0.20514059172313373,24.0,18,2.544179896781091,0.26204191621064754,0.26204191621064754
Gene_500,0.17156593006092413,0.20185151272127497,24.0,17,1.7695524876458948,0.2643547235354693,0.2643547235354693
Gene_475,0.1710360946704006,0.20336921463781307,24.0,12,1.5380095499531636,0.2643547235354693,0.2643547235354693
Gene_158,0.17156593006092413,0.20185151272127497,24.0,6,2.4105186568775316,0.2643547235354693,0.2643547235354693
Gene_273,0.17183057029805504,0.20110529385374432,24.0,3,1.6022681767552678,0.2643547235354693,0.2643547235354693
Gene_257,0.17183057029805504,0.20110529385374432,24.0,19,1.5326526766252155,0.2643547235354693,0.2643547235354693
Gene_288,0.17156593006092413,0.20185151272127497,24.0,7,1.873709121758501,0.2643547235354693,0.2643547235354693
Gene_447,0.17130110484477468,0.2026061004469953,24.0,9,1.6250916566571703,0.2643547235354693,0.2643547235354693
Gene_480,0.17183057029805504,0.20110529385374432,24.0,4,1.9752015884745058,0.2643547235354693,0.2643547235354693
Gene_241,0.17183057029805504,0.20110529385374432,24.0,4,1.79811574218995,0.2643547235354693,0.2643547235354693
Gene_200,0.17130110484477468,0.2026061004469953,24.0,14,1.950058521338434,0.2643547235354693,0.2643547235354693
Gene_237,0.17156593006092413,0.20185151272127497,24.0,6,1.9567341410037882,0.2643547235354693,0.2643547235354693
Gene_438,0.17183057029805504,0.20110529385374432,24.0,19,1.6605657546202273,0.2643547235354693,0.2643547235354693
Gene_392,0.17989155454218841,0.19708554233490203,24.0,21,1.7831240909830939,0.27339142027688207,0.27339142027688207
Gene_346,0.17935411020645853,0.19855088252795092,24.0,15,1.752493662957849,0.27339142027688207,0.27339142027688207
Gene_248,0.1790850894967062,0.1992959165997252,24.0,13,1.8535393030376963,0.27339142027688207,0.27339142027688207
Gene_172,0.17962293188048062,0.19781414201873612,24.0,18,1.6948265146071426,0.27339142027688207,0.27339142027688207
Gene_443,0.1874071487417841,0.19523860588528638,24.0,9,1.2574249363460848,0.28177389828934807,0.28177389828934807
Gene_380,0.18767996686983823,0.19451145771322859,24.0,17,1.2680649307167124,0.28177389828934807,0.28177389828934807
Gene_174,0.1882249640572845,0.19308120700302195,24.0,1,1.7964518907160176,0.28177389828934807,0.28177389828934807
Gene_398,0.1882249640572845,0.19308120700302195,24.0,22,1.9500721072039808,0.28177389828934807,0.28177389828934807
Gene_357,0.18767996686983823,0.19451145771322859,24.0,17,1.335492138700936,0.28177389828934807,0.28177389828934807
Gene_175,0.19628224752288104,0.19048769231433849,24.0,18,1.687930155671233,0.2894622702509977,0.2894622702509977
Gene_344,0.1965584090600132,0.1897860778039797,24.0,2,1.2538724744028897,0.2894622702509977,0.2894622702509977
Gene_222,0.19683434377067843,0.18909215929113649,24.0,23,1.674721802019595,0.2894622702509977,0.2894622702509977
Gene_336,0.19628224752288104,0.19048769231433849,24.0,5,1.325179619100501,0.2894622702509977,0.2894622702509977
Gene_276,0.1965584090600132,0.1897860778039797,24.0,21,2.2852223785862145,0.2894622702509977,0.2894622702509977
Gene_156,0.19572924350876042,0.19191458635529093,24.0,10,1.9210904410950014,0.2894622702509977,0.2894622702509977
Gene_155,0.20544376127428332,0.18579512371988902,24.0,1,1.7092457645611905,0.29688404808422447,0.29688404808422447
Gene_308,0.20432440738384072,0.18857872630051756,24.0,11,2.0868064853690536,0.29688404808422447,0.29688404808422447
Gene_385,0.20432440738384072,0.18857872630051756,24.0,11,1.8223087279557686,0.29688404808422447,0.29688404808422447
Gene_342,0.20460460719377493,0.18787111132357745,24.0,9,1.6574456630458299,0.29688404808422447,0.29688404808422447
Gene_211,0.20488456600467742,0.1871714027051822,24.0,6,1.8202146677814106,0.29688404808422447,0.29688404808422447
Gene_304,0.20544376127428332,0.18579512371988902,24.0,1,1.2342022060161542,0.29688404808422447,0.29688404808422447
Gene_228,0.21461169241026157,0.18181938393378508,24.0,23,2.0454943396625342,0.3022699893102275,0.3022699893102275
Gene_157,0.21461169241026157,0.18181938393378508,24.0,23,1.5165888921265722,0.3022699893102275,0.3022699893102275
Gene_386,0.2143291535813714,0.18248661327305743,24.0,21,1.3103620813673613,0.3022699893102275,0.3022699893102275
Gene_372,0.21348001105243686,0.18453325611085666,24.0,13,2.053296554706252,0.3022699893102275,0.3022699893102275
Gene_445,0.21461169241026157,0.18181938393378508,24.0,23,1.9717570888260925,0.3022699893102275,0.3022699893102275
Gene_365,0.21348001105243686,0.18453325611085666,24.0,13,1.162351097710371,0.3022699893102275,0.3022699893102275
Gene_429,0.21348001105243686,0.18453325611085666,24.0,13,1.1885593197137636,0.3022699893102275,0.3022699893102275
Gene_378,0.21376331311230845,0.18384340974810268,24.0,8,1.5625911286050416,0.3022699893102275,0.3022699893102275
Gene_334,0.21461169241026157,0.18181938393378508,24.0,0,1.8539279376779279,0.3022699893102275,0.3022699893102275
Gene_370,0.22349406556128648,0.17916653452424494,24.0,20,1.6729331534867327,0.31080509151001173,0.31080509151001173
Gene_389,0.22377966588720843,0.17850904043675614,24.0,22,1.3721208572342274,0.31080509151001173,0.31080509151001173
Gene_198,0.22349406556128648,0.17916653452424494,24.0,20,1.6904154913131468,0.31080509151001173,0.31080509151001173
Gene_263,0.2226356572017716,0.18118348213186983,24.0,11,1.7792119316216501,0.31080509151001173,0.31080509151001173
Gene_442,0.22349406556128648,0.17916653452424494,24.0,3,1.8043575036074824,0.31080509151001173,0.31080509151001173
Gene_180,0.23236415661952492,0.1771519258664224,24.0,13,1.336212406680854,0.32037118514036445,0.32037118514036445
Gene_207,0.2332302227821853,0.17518714874213512,24.0,21,1.1997077278561803,0.32037118514036445,0.32037118514036445
Gene_309,0.23236415661952492,0.1771519258664224,24.0,10,1.3663745450335791,0.32037118514036445,0.32037118514036445
Gene_296,0.23265312658436477,0.17648967335817858,24.0,15,2.8846248477007217,0.32037118514036445,0.32037118514036445
Gene_260,0.24296642680528713,0.17185361474774513,24.0,4,1.9245298925687049,0.3328307216510783,0.3328307216510783
Gene_384,0.2524043696649466,0.16977059562198812,24.0,13,1.7341000998319056,0.3448147126570309,0.3448147126570309
Gene_247,0.2532839863799443,0.16788768421121283,24.0,2,1.6025023154734965,0.34507355092635467,0.34507355092635467
Gene_306,0.26271608756309595,0.1663929937945743,24.0,11,2.160288892259896,0.35335334715490146,0.35335334715490146
Gene_459,0.2630115764497698,0.16576862763845068,24.0,14,1.5314702810504863,0.35335334715490146,0.35335334715490146
Gene_279,0.26330674610236404,0.16515123768104314,24.0,16,2.0199324862856765,0.35335334715490146,0.35335334715490146
Gene_289,0.2630115764497698,0.16576862763845068,24.0,14,1.7657108538579775,0.35335334715490146,0.35335334715490146
Gene_412,0.2630115764497698,0.16576862763845068,24.0,14,2.105619977111028,0.35335334715490146,0.35335334715490146
Gene_371,0.2636015969775565,0.16454069497124532,24.0,19,1.6040821369840295,0.35335334715490146,0.35335334715490146
Gene_243,0.2745083256812335,0.16058821968029052,24.0,2,1.2989137030187954,0.36024714656329854,0.36024714656329854
Gene_482,0.2736188364605745,0.16238926537755385,24.0,10,1.7444173606760742,0.36024714656329854,0.36024714656329854
Gene_495,0.2736188364605745,0.16238926537755385,24.0,13,1.8292512396670864,0.36024714656329854,0.36024714656329854
Gene_245,0.2736188364605745,0.16238926537755385,24.0,10,1.8245529269741345,0.36024714656329854,0.36024714656329854
Gene_249,0.2742121596489311,0.16118189349674794,24.0,5,1.580044508347417,0.36024714656329854,0.36024714656329854
Gene_499,0.2742121596489311,0.16118189349674794,24.0,5,1.729415218865849,0.36024714656329854,0.36024714656329854
Gene_395,0.2736188364605745,0.16238926537755385,24.0,10,1.8278214780100648,0.36024714656329854,0.36024714656329854
Gene_431,0.27391566341065865,0.16178220057833037,24.0,15,1.8780626946466392,0.36024714656329854,0.36024714656329854
Gene_463,0.28511762825229237,0.1578111826729968,24.0,16,2.0322771552201844,0.3700935872829321,0.3700935872829321
Gene_193,0.2848198055126726,0.1584011330767418,24.0,9,1.5721540333170005,0.3700935872829321,0.3700935872829321
Gene_319,0.28571224938242357,0.15665079058735742,24.0,1,1.577129107837953,0.3700935872829321,0.3700935872829321
Gene_269,0.2845216405835991,0.15899774962592658,24.0,12,1.5811212416988285,0.3700935872829321,0.3700935872829321
Gene_258,0.28541510935746406,0.15722777519474557,24.0,19,1.9096652827062544,0.3700935872829321,0.3700935872829321
Gene_390,0.29602083162102466,0.15500793513311958,24.0,13,1.5443864941345073,0.3824558548075254,0.3824558548075254
Gene_368,0.30781955338890865,0.15103363851503288,24.0,9,1.8026261142894464,0.39177131214911254,0.39177131214911254
Gene_217,0.3081186623081337,0.15047112766495044,24.0,6,1.6660741050536556,0.39177131214911254,0.39177131214911254
Gene_265,0.3087157939735007,0.14936470730422452,24.0,1,1.8822054603462917,0.39177131214911254,0.39177131214911254
Gene_204,0.3084174089533227,0.14991485541824576,24.0,4,1.3230930137727062,0.39177131214911254,0.39177131214911254
Gene_206,0.3075200815453911,0.15160250545727882,24.0,11,2.16964249726308,0.39177131214911254,0.39177131214911254
Gene_210,0.3075200815453911,0.15160250545727882,24.0,12,1.954864819588689,0.39177131214911254,0.39177131214911254
Gene_216,0.3081186623081337,0.15047112766495044,24.0,16,1.7388503332822065,0.39177131214911254,0.39177131214911254
Gene_460,0.3199177349664919,0.14707472779848213,24.0,15,2.1430434342202207,0.40027095283622594,0.40027095283622594
Gene_283,0.32021676226898077,0.14652899408795267,24.0,5,1.4762852030361056,0.40027095283622594,0.40027095283622594
Gene_159,0.3196183356730937,0.14762660488868531,24.0,13,1.8693418277264682,0.40027095283622594,0.40027095283622594
Gene_244,0.3199177349664919,0.14707472779848213,24.0,8,1.6818411029507883,0.40027095283622594,0.40027095283622594
Gene_151,0.3196183356730937,0.14762660488868531,24.0,10,1.5477909538012344,0.40027095283622594,0.40027095283622594
Gene_422,0.3199177349664919,0.14707472779848213,24.0,8,1.5678446294104034,0.40027095283622594,0.40027095283622594
Gene_345,0.3320159785734894,0.14366614395332394,24.0,14,1.5359024813984083,0.4089824018078878,0.4089824018078878
Gene_337,0.3320159785734894,0.14366614395332394,24.0,14,2.105311461700309,0.4089824018078878,0.4089824018078878
Gene_176,0.33261348939635593,0.14260193564174595,24.0,19,2.0387502146424863,0.4089824018078878,0.4089824018078878
Gene_181,0.33291167507162067,0.14207862402109162,24.0,22,1.181449493681951,0.4089824018078878,0.4089824018078878
Gene_449,0.33171665194642275,0.14420726128863107,24.0,11,2.100250602139665,0.4089824018078878,0.4089824018078878
Gene_255,0.3323149241432739,0.14313107265690406,24.0,7,1.9816083435857945,0.4089824018078878,0.4089824018078878
Gene_246,0.3323149241432739,0.14313107265690406,24.0,16,1.9616773026454863,0.4089824018078878,0.4089824018078878
Gene_287,0.34530799504008103,0.13868982608752364,24.0,21,1.9507354305162847,0.4221369132519328,0.4221369132519328
Gene_379,0.3447121767390374,0.13972099140855804,24.0,8,1.4705194242960031,0.4221369132519328,0.4221369132519328
Gene_169,0.3577057001737305,0.13579101764885768,24.0,16,1.4560142833648522,0.43132839184539,0.43132839184539
Gene_408,0.35800256523167373,0.13528901586524616,24.0,19,1.4099328903598511,0.43132839184539,0.43132839184539
Gene_161,0.35800256523167373,0.13528901586524616,24.0,4,1.8954642731031295,0.43132839184539,0.43132839184539
Gene_294,0.35800256523167373,0.13528901586524616,24.0,3,1.6364958416825501,0.43132839184539,0.43132839184539
Gene_415,0.3571107830256214,0.1368120171199833,24.0,12,1.4525058428315631,0.43132839184539,0.43132839184539
Gene_224,0.35740843971308756,0.136298649391615,24.0,14,1.745876037077089,0.43132839184539,0.43132839184539
Gene_351,0.3715849671960404,0.13090995643232525,24.0,0,1.7844274091647985,0.4434188152697379,0.4434188152697379
Gene_330,0.37099491644378024,0.1318760946791574,24.0,18,1.6946403135861252,0.4434188152697379,0.4434188152697379
Gene_396,0.37099491644378024,0.1318760946791574,24.0,18,1.7281745836735907,0.4434188152697379,0.4434188152697379
Gene_300,0.37129014204089894,0.13139036155660133,24.0,21,1.9719418129483763,0.4434188152697379,0.4434188152697379
Gene_468,0.38457778562857303,0.12797609608874638,24.0,19,2.0420096697831007,0.4496156136900855,0.4496156136900855
Gene_191,0.3842841996355909,0.12845096264081135,24.0,16,1.8841516840834667,0.4496156136900855,0.4496156136900855
Gene_430,0.38487096531871323,0.12750645745482583,24.0,22,1.3399834159264539,0.4496156136900855,0.4496156136900855
Gene_492,0.38487096531871323,0.12750645745482583,24.0,22,1.454019643023707,0.4496156136900855,0.4496156136900855
Gene_383,0.38457778562857303,0.12797609608874638,24.0,20,1.6032503242114347,0.4496156136900855,0.4496156136900855
Gene_184,0.38457778562857303,0.12797609608874638,24.0,3,1.588078642693696,0.4496156136900855,0.4496156136900855
Gene_331,0.38457778562857303,0.12797609608874638,24.0,20,2.0820270257023505,0.4496156136900855,0.4496156136900855
Gene_223,0.3836958051524787,0.12941677295133558,24.0,12,1.9129046867999064,0.4496156136900855,0.4496156136900855
Gene_469,0.3842841996355909,0.12845096264081135,24.0,17,2.1599169216357614,0.4496156136900855,0.4496156136900855
Gene_361,0.39874257946300373,0.12363718107497385,24.0,23,1.4213466179348364,0.45832480398046405,0.45832480398046405
Gene_177,0.39845185620433177,0.12409089702567903,24.0,2,2.1769936968355683,0.45832480398046405,0.45832480398046405
Gene_230,0.39816072257027524,0.12454964497475976,24.0,18,1.8652954464937643,0.45832480398046405,0.45832480398046405
Gene_347,0.39845185620433177,0.12409089702567903,24.0,21,1.6323621196295335,0.45832480398046405,0.45832480398046405
Gene_168,0.39816072257027524,0.12454964497475976,24.0,18,1.5450583994768006,0.45832480398046405,0.45832480398046405
Gene_352,0.39757722045864674,0.12548261415538253,24.0,13,1.4276696580241213,0.45832480398046405,0.45832480398046405
Gene_466,0.39874257946300373,0.12363718107497385,24.0,23,2.182216127239429,0.45832480398046405,0.45832480398046405
Gene_437,0.4120373140969459,0.12111090763276497,24.0,7,1.418717782382465,0.46855226729224936,0.46855226729224936
Gene_316,0.4114587046679843,0.12202152878268784,24.0,11,1.51327816932861,0.46855226729224936,0.46855226729224936
Gene_354,0.41174821756846414,0.12156366026819719,24.0,14,1.6822113556584632,0.46855226729224936,0.46855226729224936
Gene_292,0.4123259952171794,0.12066317631224659,24.0,3,2.152725112353239,0.46855226729224936,0.46855226729224936
Gene_373,0.4120373140969459,0.12111090763276497,24.0,17,1.8018497020990338,0.46855226729224936,0.46855226729224936
Gene_465,0.4264913369812755,0.11722319527036214,24.0,5,1.7677299345427406,0.48245626355347904,0.48245626355347904
Gene_226,0.4264913369812755,0.11722319527036214,24.0,5,1.8341705273391258,0.48245626355347904,0.48245626355347904
Gene_219,0.44150924638617717,0.11293429088856,24.0,22,1.9670300854932847,0.4949655228544587,0.4949655228544587
Gene_335,0.44150924638617717,0.11293429088856,24.0,22,2.2498286607883182,0.4949655228544587,0.4949655228544587
Gene_280,0.4409454295079197,0.1137708526247186,24.0,6,2.426535972186411,0.4949655228544587,0.4949655228544587
Gene_236,0.4409454295079197,0.1137708526247186,24.0,7,1.4956460209140992,0.4949655228544587,0.4949655228544587
Gene_358,0.45624182590897844,0.10949196796383445,24.0,21,1.5383647390420734,0.5069353621210871,0.5069353621210871
Gene_284,0.45624182590897844,0.10949196796383445,24.0,21,2.062734182738131,0.5069353621210871,0.5069353621210871
Gene_355,0.45540656989483175,0.110719953666514,24.0,13,1.7973588993713339,0.5069353621210871,0.5069353621210871
Gene_252,0.45624182590897844,0.10949196796383445,24.0,2,1.9780625788067523,0.5069353621210871,0.5069353621210871
Gene_302,0.47043327663155,0.10723104044539233,24.0,11,1.6315781040974273,0.5190045973050021,0.5190045973050021
Gene_183,0.47043327663155,0.10723104044539233,24.0,12,1.631921248784307,0.5190045973050021,0.5190045973050021
Gene_251,0.47098229554526405,0.10643079761667225,24.0,7,1.6044465429096793,0.5190045973050021,0.5190045973050021
Gene_448,0.471256174352942,0.106037336759247,24.0,3,1.9142927146523174,0.5190045973050021,0.5190045973050021
Gene_188,0.4865485910808891,0.10257029586156687,24.0,18,1.7347440074889393,0.5317532925601107,0.5317532925601107
Gene_160,0.4860094936552434,0.10333862342207972,24.0,13,1.817154411799795,0.5317532925601107,0.5317532925601107
Gene_167,0.4865485910808891,0.10257029586156687,24.0,18,1.5554338166053427,0.5317532925601107,0.5317532925601107
Gene_474,0.4870860159850614,0.10181885500291964,24.0,23,1.6438935234890617,0.5317532925601107,0.5317532925601107
Gene_397,0.5023789193356338,0.09872441698274721,24.0,19,2.1266658245535037,0.5437001291511189,0.5437001291511189
Gene_341,0.5023789193356338,0.09872441698274721,24.0,19,1.8659704539489388,0.5437001291511189,0.5437001291511189
Gene_234,0.502114956352133,0.0990907426086259,24.0,6,1.4648091146407145,0.5437001291511189,0.5437001291511189
Gene_189,0.502114956352133,0.0990907426086259,24.0,7,1.2545975793350186,0.5437001291511189,0.5437001291511189
Gene_229,0.5184674914244812,0.09489303890198986,24.0,21,1.7665180924576442,0.5586934174832772,0.5586934174832772
Gene_394,0.5182093168215207,0.09524384615716924,24.0,5,1.9380746247820055,0.5586934174832772,0.5586934174832772
Gene_179,0.5343037460174676,0.09175068760057953,24.0,7,1.8654077003201106,0.5665340161282161,0.5665340161282161
Gene_427,0.5343037460174676,0.09175068760057953,24.0,16,1.874700487135121,0.5665340161282161,0.5665340161282161
Gene_417,0.5340509520126582,0.0920936820213615,24.0,14,1.8926419753234804,0.5665340161282161,0.5665340161282161
Gene_327,0.534808111225036,0.0910760410391613,24.0,22,2.1811439417556335,0.5665340161282161,0.5665340161282161
Gene_203,0.5345561320593992,0.09141149720624742,24.0,3,1.7467653618009447,0.5665340161282161,0.5665340161282161
Gene_270,0.5340509520126582,0.0920936820213615,24.0,9,1.989535533814128,0.5665340161282161,0.5665340161282161
Gene_208,0.5345561320593992,0.09141149720624742,24.0,20,1.4219778343898293,0.5665340161282161,0.5665340161282161
Gene_301,0.5345561320593992,0.09141149720624742,24.0,3,1.8190543745065444,0.5665340161282161,0.5665340161282161
Gene_434,0.5504102419311556,0.0885759629332112,24.0,10,2.0482376542104896,0.5818290083838854,0.5818290083838854
Gene_320,0.5670228022665471,0.0850453079394491,24.0,11,1.9049255111219958,0.5953672103984852,0.5953672103984852
Gene_350,0.5679803187201549,0.08378995775602839,24.0,22,1.565980529060107,0.5953672103984852,0.5953672103984852
Gene_253,0.5679803187201549,0.08378995775602839,24.0,22,2.1694446306016273,0.5953672103984852,0.5953672103984852
Gene_388,0.5675023512939767,0.08441063259253316,24.0,16,1.964345940782649,0.5953672103984852,0.5953672103984852
Gene_433,0.6021063610928039,0.07650387447289549,24.0,1,1.8255927086667079,0.6245916608846513,0.6245916608846513
Gene_215,0.6018823408407412,0.07678565765324782,24.0,3,1.3785166207917214,0.6245916608846513,0.6245916608846513
Gene_362,0.6016579431324527,0.0770705775844868,24.0,6,1.93898014473002,0.6245916608846513,0.6245916608846513
Gene_360,0.6018823408407412,0.07678565765324782,24.0,20,1.3385665991829145,0.6245916608846513,0.6245916608846513
Gene_464,0.6016579431324527,0.0770705775844868,24.0,16,1.7831438748636241,0.6245916608846513,0.6245916608846513
Gene_325,0.6191846296946449,0.07326449704397633,24.0,5,1.7654416837197178,0.6387801697672907,0.6387801697672907
Gene_353,0.6191846296946449,0.07326449704397633,24.0,5,1.32457462005726,0.6387801697672907,0.6387801697672907
Gene_317,0.619616764674272,0.07272775357351403,24.0,23,2.464018171908824,0.6387801697672907,0.6387801697672907
Gene_367,0.6369194816451786,0.06947273787674804,24.0,3,1.9473466451594856,0.6552669564250809,0.6552669564250809
Gene_173,0.6546543930373354,0.0659380473395787,24.0,5,1.4565748644326901,0.669787870692693,0.669787870692693
Gene_391,0.6550525375374537,0.06545497821616263,24.0,23,1.5242922658648372,0.669787870692693,0.669787870692693
Gene_405,0.6546543930373354,0.0659380473395787,24.0,5,1.8172964310617294,0.669787870692693,0.669787870692693
Gene_250,0.6725974659569164,0.06239046756839407,24.0,16,1.5380642300276464,0.6851200102733029,0.6851200102733029
Gene_318,0.6727878500883835,0.06215981810024824,24.0,3,2.178725252467319,0.6851200102733029,0.6851200102733029
Gene_406,0.6911022238448428,0.058395716247378375,24.0,2,2.178121484779422,0.7009150343253984,0.7009150343253984
Gene_182,0.6911022238448428,0.058395716247378375,24.0,2,2.6693647006121557,0.7009150343253984,0.7009150343253984
Gene_225,0.7092453118117583,0.05505041256034772,24.0,7,1.9475209161788345,0.716409405870463,0.716409405870463
Gene_267,0.7090736700187077,0.055256209212816904,24.0,9,1.7503867273943667,0.716409405870463,0.716409405870463
Gene_376,0.7275887052703692,0.05166931171103986,24.0,13,1.71373639211546,0.7323058238446783,0.7323058238446783
Gene_493,0.7279119889016102,0.05128514793078343,24.0,5,2.387734515314692,0.7323058238446783,0.7323058238446783
Gene_166,0.7652660597197835,0.0442879814666056,24.0,13,1.0969081195415602,0.7683394173893409,0.7683394173893409
Gene_423,0.8039821558842137,0.03636387678675702,24.0,23,2.20885422958687,0.8055933425693524,0.8055933425693524
Gene_314,0.8814005207596767,0.022061209169772323,24.0,15,1.5329629691409097,0.8814005207596767,0.8814005207596767
